date,day_of_week,holiday,weather,route_id,trips,passengers
2018-01-01,Monday,0,Clear,R1,17,299
2018-01-02,Tuesday,0,Clear,R1,18,342
2018-01-03,Wednesday,0,Clear,R1,16,372
2018-01-04,Thursday,0,Clear,R1,13,259
2018-01-05,Friday,0,Clear,R1,16,384
2018-01-06,Saturday,0,Clear,R1,12,346
2018-01-07,Sunday,0,Clear,R1,8,350
2018-01-08,Monday,0,Clear,R1,15,391
2018-01-09,Tuesday,0,Clear,R1,14,369
2018-01-10,Wednesday,0,Clear,R1,10,332
2018-01-11,Thursday,0,Clear,R1,17,444
2018-01-12,Friday,0,Clear,R1,18,377
2018-01-13,Saturday,0,Clear,R1,17,362
2018-01-14,Sunday,0,Clear,R1,16,330
2018-01-15,Monday,0,Clear,R1,17,378
2018-01-16,Tuesday,0,Clear,R1,11,318
2018-01-17,Wednesday,0,Clear,R1,14,312
2018-01-18,Thursday,0,Clear,R1,13,295
2018-01-19,Friday,0,Clear,R1,15,384
2018-01-20,Saturday,0,Clear,R1,10,360
2018-01-21,Sunday,0,Clear,R1,13,304
2018-01-22,Monday,0,Clear,R1,12,247
2018-01-23,Tuesday,0,Clear,R1,19,336
2018-01-24,Wednesday,0,Clear,R1,14,341
2018-01-25,Thursday,0,Clear,R1,13,379
2018-01-26,Friday,0,Clear,R1,16,478
2018-01-27,Saturday,0,Clear,R1,18,357
2018-01-28,Sunday,0,Clear,R1,14,326
2018-01-29,Monday,0,Clear,R1,15,437
2018-01-30,Tuesday,0,Clear,R1,17,386
2018-01-31,Wednesday,0,Clear,R1,15,338
2018-02-01,Thursday,0,Clear,R1,14,425
2018-02-02,Friday,0,Clear,R1,12,299
2018-02-03,Saturday,0,Clear,R1,14,418
2018-02-04,Sunday,0,Clear,R1,15,310
2018-02-05,Monday,0,Clear,R1,17,303
2018-02-06,Tuesday,0,Clear,R1,13,390
2018-02-07,Wednesday,0,Clear,R1,17,379
2018-02-08,Thursday,0,Clear,R1,17,420
2018-02-09,Friday,0,Clear,R1,13,486
2018-02-10,Saturday,0,Clear,R1,13,321
2018-02-11,Sunday,0,Clear,R1,15,365
2018-02-12,Monday,0,Clear,R1,12,242
2018-02-13,Tuesday,0,Clear,R1,14,437
2018-02-14,Wednesday,0,Clear,R1,13,252
2018-02-15,Thursday,0,Clear,R1,15,421
2018-02-16,Friday,0,Clear,R1,14,310
2018-02-17,Saturday,0,Clear,R1,12,295
2018-02-18,Sunday,0,Clear,R1,14,352
2018-02-19,Monday,0,Clear,R1,12,367
2018-02-20,Tuesday,0,Clear,R1,15,351
2018-02-21,Wednesday,0,Clear,R1,15,350
2018-02-22,Thursday,0,Clear,R1,21,498
2018-02-23,Friday,0,Clear,R1,17,449
2018-02-24,Saturday,0,Clear,R1,12,379
2018-02-25,Sunday,0,Clear,R1,12,331
2018-02-26,Monday,0,Clear,R1,16,356
2018-02-27,Tuesday,0,Clear,R1,13,305
2018-02-28,Wednesday,0,Clear,R1,11,357
2018-03-01,Thursday,0,Clear,R1,12,345
2018-03-02,Friday,0,Clear,R1,17,421
2018-03-03,Saturday,0,Clear,R1,14,194
2018-03-04,Sunday,0,Clear,R1,14,379
2018-03-05,Monday,0,Clear,R1,12,292
2018-03-06,Tuesday,0,Clear,R1,20,415
2018-03-07,Wednesday,0,Clear,R1,17,355
2018-03-08,Thursday,0,Clear,R1,12,348
2018-03-09,Friday,0,Clear,R1,15,450
2018-03-10,Saturday,0,Clear,R1,10,287
2018-03-11,Sunday,0,Clear,R1,17,484
2018-03-12,Monday,0,Clear,R1,16,363
2018-03-13,Tuesday,0,Clear,R1,16,515
2018-03-14,Wednesday,0,Clear,R1,13,331
2018-03-15,Thursday,0,Clear,R1,12,300
2018-03-16,Friday,0,Clear,R1,12,184
2018-03-17,Saturday,0,Clear,R1,13,320
2018-03-18,Sunday,0,Clear,R1,15,313
2018-03-19,Monday,0,Clear,R1,12,401
2018-03-20,Tuesday,0,Clear,R1,14,451
2018-03-21,Wednesday,0,Clear,R1,15,304
2018-03-22,Thursday,0,Clear,R1,14,261
2018-03-23,Friday,0,Clear,R1,14,382
2018-03-24,Saturday,0,Clear,R1,16,454
2018-03-25,Sunday,0,Clear,R1,14,431
2018-03-26,Monday,0,Clear,R1,14,524
2018-03-27,Tuesday,0,Clear,R1,11,247
2018-03-28,Wednesday,0,Clear,R1,17,385
2018-03-29,Thursday,0,Clear,R1,15,393
2018-03-30,Friday,0,Clear,R1,13,354
2018-03-31,Saturday,0,Clear,R1,19,390
2018-04-01,Sunday,0,Clear,R1,12,336
2018-04-02,Monday,0,Clear,R1,16,261
2018-04-03,Tuesday,0,Clear,R1,17,452
2018-04-04,Wednesday,0,Clear,R1,14,358
2018-04-05,Thursday,0,Clear,R1,16,471
2018-04-06,Friday,0,Clear,R1,11,241
2018-04-07,Saturday,0,Clear,R1,8,262
2018-04-08,Sunday,0,Clear,R1,18,443
2018-04-09,Monday,0,Clear,R1,15,376
2018-04-10,Tuesday,0,Clear,R1,15,372
2018-04-11,Wednesday,0,Clear,R1,13,392
2018-04-12,Thursday,0,Clear,R1,14,446
2018-04-13,Friday,0,Clear,R1,14,463
2018-04-14,Saturday,0,Clear,R1,14,340
2018-04-15,Sunday,0,Clear,R1,18,277
2018-04-16,Monday,0,Clear,R1,14,432
2018-04-17,Tuesday,0,Clear,R1,14,364
2018-04-18,Wednesday,0,Clear,R1,16,306
2018-04-19,Thursday,0,Clear,R1,15,271
2018-04-20,Friday,0,Clear,R1,16,264
2018-04-21,Saturday,0,Clear,R1,11,371
2018-04-22,Sunday,0,Clear,R1,13,444
2018-04-23,Monday,0,Clear,R1,14,387
2018-04-24,Tuesday,0,Clear,R1,13,356
2018-04-25,Wednesday,0,Clear,R1,21,386
2018-04-26,Thursday,0,Clear,R1,13,352
2018-04-27,Friday,0,Clear,R1,12,373
2018-04-28,Saturday,0,Clear,R1,10,325
2018-04-29,Sunday,0,Clear,R1,13,349
2018-04-30,Monday,0,Clear,R1,16,365
2018-05-01,Tuesday,0,Clear,R1,15,234
2018-05-02,Wednesday,0,Clear,R1,19,439
2018-05-03,Thursday,0,Clear,R1,12,278
2018-05-04,Friday,0,Clear,R1,12,315
2018-05-05,Saturday,0,Clear,R1,16,363
2018-05-06,Sunday,0,Clear,R1,16,244
2018-05-07,Monday,0,Clear,R1,13,288
2018-05-08,Tuesday,0,Clear,R1,15,384
2018-05-09,Wednesday,0,Clear,R1,17,413
2018-05-10,Thursday,0,Clear,R1,10,286
2018-05-11,Friday,0,Clear,R1,10,329
2018-05-12,Saturday,0,Clear,R1,13,250
2018-05-13,Sunday,0,Clear,R1,13,379
2018-05-14,Monday,0,Clear,R1,15,358
2018-05-15,Tuesday,0,Clear,R1,17,250
2018-05-16,Wednesday,0,Clear,R1,16,417
2018-05-17,Thursday,0,Clear,R1,12,361
2018-05-18,Friday,0,Clear,R1,19,367
2018-05-19,Saturday,0,Clear,R1,14,262
2018-05-20,Sunday,0,Clear,R1,16,294
2018-05-21,Monday,0,Clear,R1,18,473
2018-05-22,Tuesday,0,Clear,R1,15,282
2018-05-23,Wednesday,0,Clear,R1,15,300
2018-05-24,Thursday,0,Clear,R1,13,380
2018-05-25,Friday,0,Clear,R1,17,354
2018-05-26,Saturday,0,Clear,R1,16,343
2018-05-27,Sunday,0,Clear,R1,14,481
2018-05-28,Monday,0,Clear,R1,15,276
2018-05-29,Tuesday,0,Clear,R1,19,294
2018-05-30,Wednesday,0,Clear,R1,15,346
2018-05-31,Thursday,0,Clear,R1,19,425
2018-06-01,Friday,0,Clear,R1,12,263
2018-06-02,Saturday,0,Clear,R1,11,398
2018-06-03,Sunday,0,Clear,R1,16,382
2018-06-04,Monday,0,Clear,R1,16,214
2018-06-05,Tuesday,0,Clear,R1,16,308
2018-06-06,Wednesday,0,Clear,R1,16,390
2018-06-07,Thursday,0,Clear,R1,10,316
2018-06-08,Friday,0,Clear,R1,14,399
2018-06-09,Saturday,0,Clear,R1,12,397
2018-06-10,Sunday,0,Clear,R1,17,412
2018-06-11,Monday,0,Clear,R1,20,330
2018-06-12,Tuesday,0,Clear,R1,15,332
2018-06-13,Wednesday,0,Clear,R1,15,422
2018-06-14,Thursday,0,Clear,R1,12,415
2018-06-15,Friday,0,Clear,R1,15,508
2018-06-16,Saturday,0,Clear,R1,16,346
2018-06-17,Sunday,0,Clear,R1,9,334
2018-06-18,Monday,0,Clear,R1,16,415
2018-06-19,Tuesday,0,Clear,R1,14,346
2018-06-20,Wednesday,0,Clear,R1,13,313
2018-06-21,Thursday,0,Clear,R1,16,338
2018-06-22,Friday,0,Clear,R1,13,421
2018-06-23,Saturday,0,Clear,R1,13,417
2018-06-24,Sunday,0,Clear,R1,11,381
2018-06-25,Monday,0,Clear,R1,12,388
2018-06-26,Tuesday,0,Clear,R1,17,334
2018-06-27,Wednesday,0,Clear,R1,12,332
2018-06-28,Thursday,0,Clear,R1,10,428
2018-06-29,Friday,0,Clear,R1,12,356
2018-06-30,Saturday,0,Clear,R1,17,343
2018-07-01,Sunday,0,Clear,R1,16,312
2018-07-02,Monday,0,Clear,R1,12,375
2018-07-03,Tuesday,0,Clear,R1,14,265
2018-07-04,Wednesday,0,Clear,R1,13,395
2018-07-05,Thursday,0,Clear,R1,17,294
2018-07-06,Friday,0,Clear,R1,18,420
2018-07-07,Saturday,0,Clear,R1,14,312
2018-07-08,Sunday,0,Clear,R1,14,325
2018-07-09,Monday,0,Clear,R1,14,413
2018-07-10,Tuesday,0,Clear,R1,13,393
2018-07-11,Wednesday,0,Clear,R1,15,434
2018-07-12,Thursday,0,Clear,R1,13,329
2018-07-13,Friday,0,Clear,R1,15,252
2018-07-14,Saturday,0,Clear,R1,20,412
2018-07-15,Sunday,0,Clear,R1,12,365
2018-07-16,Monday,0,Clear,R1,14,332
2018-07-17,Tuesday,0,Clear,R1,11,345
2018-07-18,Wednesday,0,Clear,R1,15,436
2018-07-19,Thursday,0,Clear,R1,14,377
2018-07-20,Friday,0,Clear,R1,15,289
2018-07-21,Saturday,0,Clear,R1,14,374
2018-07-22,Sunday,0,Clear,R1,13,371
2018-07-23,Monday,0,Clear,R1,16,302
2018-07-24,Tuesday,0,Clear,R1,14,255
2018-07-25,Wednesday,0,Clear,R1,14,391
2018-07-26,Thursday,0,Clear,R1,17,367
2018-07-27,Friday,0,Clear,R1,16,371
2018-07-28,Saturday,0,Clear,R1,10,248
2018-07-29,Sunday,0,Clear,R1,14,336
2018-07-30,Monday,0,Clear,R1,14,303
2018-07-31,Tuesday,0,Clear,R1,12,369
2018-08-01,Wednesday,0,Clear,R1,17,283
2018-08-02,Thursday,0,Clear,R1,18,429
2018-08-03,Friday,0,Clear,R1,15,279
2018-08-04,Saturday,0,Clear,R1,13,282
2018-08-05,Sunday,0,Clear,R1,18,325
2018-08-06,Monday,0,Clear,R1,18,396
2018-08-07,Tuesday,0,Clear,R1,12,263
2018-08-08,Wednesday,0,Clear,R1,17,365
2018-08-09,Thursday,0,Clear,R1,14,289
2018-08-10,Friday,0,Clear,R1,11,361
2018-08-11,Saturday,0,Clear,R1,19,473
2018-08-12,Sunday,0,Clear,R1,13,374
2018-08-13,Monday,0,Clear,R1,17,379
2018-08-14,Tuesday,0,Clear,R1,13,312
2018-08-15,Wednesday,0,Clear,R1,16,397
2018-08-16,Thursday,0,Clear,R1,15,376
2018-08-17,Friday,0,Clear,R1,15,366
2018-08-18,Saturday,0,Clear,R1,14,429
2018-08-19,Sunday,0,Clear,R1,12,340
2018-08-20,Monday,0,Clear,R1,12,297
2018-08-21,Tuesday,0,Clear,R1,18,341
2018-08-22,Wednesday,0,Clear,R1,15,384
2018-08-23,Thursday,0,Clear,R1,12,325
2018-08-24,Friday,0,Clear,R1,17,310
2018-08-25,Saturday,0,Clear,R1,14,483
2018-08-26,Sunday,0,Clear,R1,12,364
2018-08-27,Monday,0,Clear,R1,14,323
2018-08-28,Tuesday,0,Clear,R1,11,272
2018-08-29,Wednesday,0,Clear,R1,20,348
2018-08-30,Thursday,0,Clear,R1,15,433
2018-08-31,Friday,0,Clear,R1,12,325
2018-09-01,Saturday,0,Clear,R1,16,350
2018-09-02,Sunday,0,Clear,R1,14,337
2018-09-03,Monday,0,Clear,R1,14,341
2018-09-04,Tuesday,0,Clear,R1,10,339
2018-09-05,Wednesday,0,Clear,R1,10,431
2018-09-06,Thursday,0,Clear,R1,14,349
2018-09-07,Friday,0,Clear,R1,13,405
2018-09-08,Saturday,0,Clear,R1,14,343
2018-09-09,Sunday,0,Clear,R1,17,462
2018-09-10,Monday,0,Clear,R1,15,383
2018-09-11,Tuesday,0,Clear,R1,17,280
2018-09-12,Wednesday,0,Clear,R1,10,391
2018-09-13,Thursday,0,Clear,R1,13,266
2018-09-14,Friday,0,Clear,R1,15,316
2018-09-15,Saturday,0,Clear,R1,13,450
2018-09-16,Sunday,0,Clear,R1,19,442
2018-09-17,Monday,0,Clear,R1,15,303
2018-09-18,Tuesday,0,Clear,R1,20,365
2018-09-19,Wednesday,0,Clear,R1,14,263
2018-09-20,Thursday,0,Clear,R1,16,467
2018-09-21,Friday,0,Clear,R1,13,262
2018-09-22,Saturday,0,Clear,R1,12,323
2018-09-23,Sunday,0,Clear,R1,15,439
2018-09-24,Monday,0,Clear,R1,15,331
2018-09-25,Tuesday,0,Clear,R1,14,373
2018-09-26,Wednesday,0,Clear,R1,19,327
2018-09-27,Thursday,0,Clear,R1,12,313
2018-09-28,Friday,0,Clear,R1,14,375
2018-09-29,Saturday,0,Clear,R1,16,309
2018-09-30,Sunday,0,Clear,R1,15,435
2018-10-01,Monday,0,Clear,R1,15,379
2018-10-02,Tuesday,0,Clear,R1,12,336
2018-10-03,Wednesday,0,Clear,R1,15,325
2018-10-04,Thursday,0,Clear,R1,13,329
2018-10-05,Friday,0,Clear,R1,15,293
2018-10-06,Saturday,0,Clear,R1,15,403
2018-10-07,Sunday,0,Clear,R1,13,320
2018-10-08,Monday,0,Clear,R1,14,402
2018-10-09,Tuesday,0,Clear,R1,17,455
2018-10-10,Wednesday,0,Clear,R1,12,271
2018-10-11,Thursday,0,Clear,R1,20,341
2018-10-12,Friday,0,Clear,R1,12,368
2018-10-13,Saturday,0,Clear,R1,12,367
2018-10-14,Sunday,0,Clear,R1,16,241
2018-10-15,Monday,0,Clear,R1,15,367
2018-10-16,Tuesday,0,Clear,R1,12,252
2018-10-17,Wednesday,0,Clear,R1,15,270
2018-10-18,Thursday,0,Clear,R1,13,361
2018-10-19,Friday,0,Clear,R1,16,395
2018-10-20,Saturday,0,Clear,R1,18,366
2018-10-21,Sunday,0,Clear,R1,11,267
2018-10-22,Monday,0,Clear,R1,9,305
2018-10-23,Tuesday,0,Clear,R1,18,341
2018-10-24,Wednesday,0,Clear,R1,11,358
2018-10-25,Thursday,0,Clear,R1,15,401
2018-10-26,Friday,0,Clear,R1,16,499
2018-10-27,Saturday,0,Clear,R1,14,357
2018-10-28,Sunday,0,Clear,R1,15,319
2018-10-29,Monday,0,Clear,R1,14,481
2018-10-30,Tuesday,0,Clear,R1,15,346
2018-10-31,Wednesday,0,Clear,R1,11,343
2018-11-01,Thursday,0,Clear,R1,15,337
2018-11-02,Friday,0,Clear,R1,17,298
2018-11-03,Saturday,0,Clear,R1,15,346
2018-11-04,Sunday,0,Clear,R1,15,416
2018-11-05,Monday,0,Clear,R1,11,333
2018-11-06,Tuesday,0,Clear,R1,16,484
2018-11-07,Wednesday,0,Clear,R1,11,236
2018-11-08,Thursday,0,Clear,R1,13,361
2018-11-09,Friday,0,Clear,R1,14,342
2018-11-10,Saturday,0,Clear,R1,14,287
2018-11-11,Sunday,0,Clear,R1,10,230
2018-11-12,Monday,0,Clear,R1,15,310
2018-11-13,Tuesday,0,Clear,R1,22,463
2018-11-14,Wednesday,0,Clear,R1,16,448
2018-11-15,Thursday,0,Clear,R1,16,348
2018-11-16,Friday,0,Clear,R1,17,537
2018-11-17,Saturday,0,Clear,R1,17,448
2018-11-18,Sunday,0,Clear,R1,11,210
2018-11-19,Monday,0,Clear,R1,15,385
2018-11-20,Tuesday,0,Clear,R1,11,462
2018-11-21,Wednesday,0,Clear,R1,17,302
2018-11-22,Thursday,0,Clear,R1,13,291
2018-11-23,Friday,0,Clear,R1,10,362
2018-11-24,Saturday,0,Clear,R1,19,446
2018-11-25,Sunday,0,Clear,R1,15,356
2018-11-26,Monday,0,Clear,R1,9,279
2018-11-27,Tuesday,0,Clear,R1,11,298
2018-11-28,Wednesday,0,Clear,R1,19,494
2018-11-29,Thursday,0,Clear,R1,12,398
2018-11-30,Friday,0,Clear,R1,16,317
2018-12-01,Saturday,0,Clear,R1,13,344
2018-12-02,Sunday,0,Clear,R1,12,407
2018-12-03,Monday,0,Clear,R1,13,342
2018-12-04,Tuesday,0,Clear,R1,15,393
2018-12-05,Wednesday,0,Clear,R1,18,300
2018-12-06,Thursday,0,Clear,R1,15,316
2018-12-07,Friday,0,Clear,R1,11,406
2018-12-08,Saturday,0,Clear,R1,17,367
2018-12-09,Sunday,0,Clear,R1,16,387
2018-12-10,Monday,0,Clear,R1,14,431
2018-12-11,Tuesday,0,Clear,R1,12,334
2018-12-12,Wednesday,0,Clear,R1,12,331
2018-12-13,Thursday,0,Clear,R1,12,455
2018-12-14,Friday,0,Clear,R1,15,368
2018-12-15,Saturday,0,Clear,R1,12,314
2018-12-16,Sunday,0,Clear,R1,14,322
2018-12-17,Monday,0,Clear,R1,18,357
2018-12-18,Tuesday,0,Clear,R1,14,378
2018-12-19,Wednesday,0,Clear,R1,14,230
2018-12-20,Thursday,0,Clear,R1,11,401
2018-12-21,Friday,0,Clear,R1,15,390
2018-12-22,Saturday,0,Clear,R1,12,352
2018-12-23,Sunday,0,Clear,R1,13,387
2018-12-24,Monday,0,Clear,R1,11,371
2018-12-25,Tuesday,1,Clear,R1,18,277
2018-12-26,Wednesday,0,Clear,R1,15,320
2018-12-27,Thursday,0,Clear,R1,12,326
2018-12-28,Friday,0,Clear,R1,16,397
2018-12-29,Saturday,0,Clear,R1,15,359
2018-12-30,Sunday,0,Clear,R1,16,356
2018-12-31,Monday,0,Clear,R1,15,333
2019-01-01,Tuesday,0,Clear,R1,17,350
2019-01-02,Wednesday,0,Clear,R1,14,392
2019-01-03,Thursday,0,Clear,R1,13,272
2019-01-04,Friday,0,Clear,R1,12,298
2019-01-05,Saturday,0,Clear,R1,18,497
2019-01-06,Sunday,0,Clear,R1,18,363
2019-01-07,Monday,0,Clear,R1,12,346
2019-01-08,Tuesday,0,Clear,R1,13,331
2019-01-09,Wednesday,0,Clear,R1,16,412
2019-01-10,Thursday,0,Clear,R1,18,386
2019-01-11,Friday,0,Clear,R1,16,388
2019-01-12,Saturday,0,Clear,R1,13,332
2019-01-13,Sunday,0,Clear,R1,16,497
2019-01-14,Monday,0,Clear,R1,11,378
2019-01-15,Tuesday,0,Clear,R1,16,273
2019-01-16,Wednesday,0,Clear,R1,14,428
2019-01-17,Thursday,0,Clear,R1,17,485
2019-01-18,Friday,0,Clear,R1,15,329
2019-01-19,Saturday,0,Clear,R1,16,365
2019-01-20,Sunday,0,Clear,R1,14,284
2019-01-21,Monday,0,Clear,R1,14,357
2019-01-22,Tuesday,0,Clear,R1,12,471
2019-01-23,Wednesday,0,Clear,R1,16,404
2019-01-24,Thursday,0,Clear,R1,11,334
2019-01-25,Friday,0,Clear,R1,11,355
2019-01-26,Saturday,0,Clear,R1,9,387
2019-01-27,Sunday,0,Clear,R1,13,388
2019-01-28,Monday,0,Clear,R1,18,327
2019-01-29,Tuesday,0,Clear,R1,14,338
2019-01-30,Wednesday,0,Clear,R1,14,430
2019-01-31,Thursday,0,Clear,R1,11,447
2019-02-01,Friday,0,Clear,R1,17,383
2019-02-02,Saturday,0,Clear,R1,13,281
2019-02-03,Sunday,0,Clear,R1,15,380
2019-02-04,Monday,0,Clear,R1,14,370
2019-02-05,Tuesday,0,Clear,R1,13,414
2019-02-06,Wednesday,0,Clear,R1,16,349
2019-02-07,Thursday,0,Clear,R1,16,296
2019-02-08,Friday,0,Clear,R1,15,283
2019-02-09,Saturday,0,Clear,R1,12,384
2019-02-10,Sunday,0,Clear,R1,16,340
2019-02-11,Monday,0,Clear,R1,12,352
2019-02-12,Tuesday,0,Clear,R1,12,301
2019-02-13,Wednesday,0,Clear,R1,13,323
2019-02-14,Thursday,0,Clear,R1,13,334
2019-02-15,Friday,0,Clear,R1,16,289
2019-02-16,Saturday,0,Clear,R1,18,350
2019-02-17,Sunday,0,Clear,R1,15,331
2019-02-18,Monday,0,Clear,R1,12,448
2019-02-19,Tuesday,0,Clear,R1,15,288
2019-02-20,Wednesday,0,Clear,R1,14,381
2019-02-21,Thursday,0,Clear,R1,15,303
2019-02-22,Friday,0,Clear,R1,11,262
2019-02-23,Saturday,0,Clear,R1,13,311
2019-02-24,Sunday,0,Clear,R1,19,451
2019-02-25,Monday,0,Clear,R1,12,245
2019-02-26,Tuesday,0,Clear,R1,17,416
2019-02-27,Wednesday,0,Clear,R1,17,368
2019-02-28,Thursday,0,Clear,R1,11,436
2019-03-01,Friday,0,Clear,R1,19,396
2019-03-02,Saturday,0,Clear,R1,15,337
2019-03-03,Sunday,0,Clear,R1,12,314
2019-03-04,Monday,0,Clear,R1,16,371
2019-03-05,Tuesday,0,Clear,R1,12,405
2019-03-06,Wednesday,0,Clear,R1,16,411
2019-03-07,Thursday,0,Clear,R1,12,290
2019-03-08,Friday,0,Clear,R1,15,257
2019-03-09,Saturday,0,Clear,R1,16,349
2019-03-10,Sunday,0,Clear,R1,12,354
2019-03-11,Monday,0,Clear,R1,13,402
2019-03-12,Tuesday,0,Clear,R1,13,423
2019-03-13,Wednesday,0,Clear,R1,12,340
2019-03-14,Thursday,0,Clear,R1,15,344
2019-03-15,Friday,0,Clear,R1,15,376
2019-03-16,Saturday,0,Clear,R1,16,390
2019-03-17,Sunday,0,Clear,R1,12,404
2019-03-18,Monday,0,Clear,R1,20,469
2019-03-19,Tuesday,0,Clear,R1,12,266
2019-03-20,Wednesday,0,Clear,R1,14,387
2019-03-21,Thursday,0,Clear,R1,13,335
2019-03-22,Friday,0,Clear,R1,14,375
2019-03-23,Saturday,0,Clear,R1,15,334
2019-03-24,Sunday,0,Clear,R1,11,344
2019-03-25,Monday,0,Clear,R1,15,344
2019-03-26,Tuesday,0,Clear,R1,16,491
2019-03-27,Wednesday,0,Clear,R1,13,424
2019-03-28,Thursday,0,Clear,R1,17,223
2019-03-29,Friday,0,Clear,R1,12,365
2019-03-30,Saturday,0,Clear,R1,15,395
2019-03-31,Sunday,0,Clear,R1,12,369
2019-04-01,Monday,0,Clear,R1,13,274
2019-04-02,Tuesday,0,Clear,R1,13,426
2019-04-03,Wednesday,0,Clear,R1,13,334
2019-04-04,Thursday,0,Clear,R1,15,372
2019-04-05,Friday,0,Clear,R1,19,382
2019-04-06,Saturday,0,Clear,R1,16,431
2019-04-07,Sunday,0,Clear,R1,19,415
2019-04-08,Monday,0,Clear,R1,9,346
2019-04-09,Tuesday,0,Clear,R1,18,472
2019-04-10,Wednesday,0,Clear,R1,14,326
2019-04-11,Thursday,0,Clear,R1,17,340
2019-04-12,Friday,0,Clear,R1,15,390
2019-04-13,Saturday,0,Clear,R1,18,419
2019-04-14,Sunday,0,Clear,R1,15,462
2019-04-15,Monday,0,Clear,R1,13,370
2019-04-16,Tuesday,0,Clear,R1,15,271
2019-04-17,Wednesday,0,Clear,R1,20,432
2019-04-18,Thursday,0,Clear,R1,16,353
2019-04-19,Friday,0,Clear,R1,16,403
2019-04-20,Saturday,0,Clear,R1,13,306
2019-04-21,Sunday,0,Clear,R1,14,203
2019-04-22,Monday,0,Clear,R1,16,275
2019-04-23,Tuesday,0,Clear,R1,15,297
2019-04-24,Wednesday,0,Clear,R1,8,328
2019-04-25,Thursday,0,Clear,R1,12,392
2019-04-26,Friday,0,Clear,R1,9,386
2019-04-27,Saturday,0,Clear,R1,13,409
2019-04-28,Sunday,0,Clear,R1,18,361
2019-04-29,Monday,0,Clear,R1,13,397
2019-04-30,Tuesday,0,Clear,R1,18,364
2019-05-01,Wednesday,0,Clear,R1,13,347
2019-05-02,Thursday,0,Clear,R1,16,333
2019-05-03,Friday,0,Clear,R1,11,322
2019-05-04,Saturday,0,Clear,R1,16,407
2019-05-05,Sunday,0,Clear,R1,12,379
2019-05-06,Monday,0,Clear,R1,14,404
2019-05-07,Tuesday,0,Clear,R1,14,410
2019-05-08,Wednesday,0,Clear,R1,12,417
2019-05-09,Thursday,0,Clear,R1,8,332
2019-05-10,Friday,0,Clear,R1,13,480
2019-05-11,Saturday,0,Clear,R1,18,324
2019-05-12,Sunday,0,Clear,R1,17,378
2019-05-13,Monday,0,Clear,R1,13,470
2019-05-14,Tuesday,0,Clear,R1,13,372
2019-05-15,Wednesday,0,Clear,R1,16,339
2019-05-16,Thursday,0,Clear,R1,13,317
2019-05-17,Friday,0,Clear,R1,15,374
2019-05-18,Saturday,0,Clear,R1,12,442
2019-05-19,Sunday,0,Clear,R1,14,432
2019-05-20,Monday,0,Clear,R1,13,270
2019-05-21,Tuesday,0,Clear,R1,11,311
2019-05-22,Wednesday,0,Clear,R1,17,399
2019-05-23,Thursday,0,Clear,R1,15,356
2019-05-24,Friday,0,Clear,R1,15,481
2019-05-25,Saturday,0,Clear,R1,16,317
2019-05-26,Sunday,0,Clear,R1,16,375
2019-05-27,Monday,0,Clear,R1,10,312
2019-05-28,Tuesday,0,Clear,R1,15,413
2019-05-29,Wednesday,0,Clear,R1,12,397
2019-05-30,Thursday,0,Clear,R1,15,426
2019-05-31,Friday,0,Clear,R1,19,391
2019-06-01,Saturday,0,Clear,R1,16,260
2019-06-02,Sunday,0,Clear,R1,16,298
2019-06-03,Monday,0,Clear,R1,11,424
2019-06-04,Tuesday,0,Clear,R1,21,450
2019-06-05,Wednesday,0,Clear,R1,14,300
2019-06-06,Thursday,0,Clear,R1,14,343
2019-06-07,Friday,0,Clear,R1,14,336
2019-06-08,Saturday,0,Clear,R1,15,370
2019-06-09,Sunday,0,Clear,R1,11,313
2019-06-10,Monday,0,Clear,R1,11,465
2019-06-11,Tuesday,0,Clear,R1,18,445
2019-06-12,Wednesday,0,Clear,R1,15,405
2019-06-13,Thursday,0,Clear,R1,16,331
2019-06-14,Friday,0,Clear,R1,12,340
2019-06-15,Saturday,0,Clear,R1,10,377
2019-06-16,Sunday,0,Clear,R1,12,338
2019-06-17,Monday,0,Clear,R1,11,239
2019-06-18,Tuesday,0,Clear,R1,18,266
2019-06-19,Wednesday,0,Clear,R1,12,346
2019-06-20,Thursday,0,Clear,R1,21,367
2019-06-21,Friday,0,Clear,R1,18,429
2019-06-22,Saturday,0,Clear,R1,13,330
2019-06-23,Sunday,0,Clear,R1,20,331
2019-06-24,Monday,0,Clear,R1,14,452
2019-06-25,Tuesday,0,Clear,R1,15,351
2019-06-26,Wednesday,0,Clear,R1,13,401
2019-06-27,Thursday,0,Clear,R1,10,415
2019-06-28,Friday,0,Clear,R1,15,299
2019-06-29,Saturday,0,Clear,R1,19,389
2019-06-30,Sunday,0,Clear,R1,16,363
2019-07-01,Monday,0,Clear,R1,12,370
2019-07-02,Tuesday,0,Clear,R1,13,480
2019-07-03,Wednesday,0,Clear,R1,13,299
2019-07-04,Thursday,0,Clear,R1,16,385
2019-07-05,Friday,0,Clear,R1,16,412
2019-07-06,Saturday,0,Clear,R1,17,345
2019-07-07,Sunday,0,Clear,R1,19,386
2019-07-08,Monday,0,Clear,R1,21,360
2019-07-09,Tuesday,0,Clear,R1,16,523
2019-07-10,Wednesday,0,Clear,R1,13,413
2019-07-11,Thursday,0,Clear,R1,16,352
2019-07-12,Friday,0,Clear,R1,10,287
2019-07-13,Saturday,0,Clear,R1,19,350
2019-07-14,Sunday,0,Clear,R1,18,434
2019-07-15,Monday,0,Clear,R1,13,334
2019-07-16,Tuesday,0,Clear,R1,13,300
2019-07-17,Wednesday,0,Clear,R1,17,345
2019-07-18,Thursday,0,Clear,R1,15,295
2019-07-19,Friday,0,Clear,R1,22,340
2019-07-20,Saturday,0,Clear,R1,16,428
2019-07-21,Sunday,0,Clear,R1,15,308
2019-07-22,Monday,0,Clear,R1,11,302
2019-07-23,Tuesday,0,Clear,R1,12,301
2019-07-24,Wednesday,0,Clear,R1,12,419
2019-07-25,Thursday,0,Clear,R1,11,268
2019-07-26,Friday,0,Clear,R1,16,477
2019-07-27,Saturday,0,Clear,R1,19,397
2019-07-28,Sunday,0,Clear,R1,14,361
2019-07-29,Monday,0,Clear,R1,11,343
2019-07-30,Tuesday,0,Clear,R1,12,276
2019-07-31,Wednesday,0,Clear,R1,18,366
2019-08-01,Thursday,0,Clear,R1,17,435
2019-08-02,Friday,0,Clear,R1,10,388
2019-08-03,Saturday,0,Clear,R1,13,332
2019-08-04,Sunday,0,Clear,R1,14,364
2019-08-05,Monday,0,Clear,R1,14,280
2019-08-06,Tuesday,0,Clear,R1,12,269
2019-08-07,Wednesday,0,Clear,R1,12,340
2019-08-08,Thursday,0,Clear,R1,14,445
2019-08-09,Friday,0,Clear,R1,14,281
2019-08-10,Saturday,0,Clear,R1,11,322
2019-08-11,Sunday,0,Clear,R1,14,332
2019-08-12,Monday,0,Clear,R1,16,326
2019-08-13,Tuesday,0,Clear,R1,15,473
2019-08-14,Wednesday,0,Clear,R1,14,353
2019-08-15,Thursday,0,Clear,R1,15,341
2019-08-16,Friday,0,Clear,R1,15,341
2019-08-17,Saturday,0,Clear,R1,13,339
2019-08-18,Sunday,0,Clear,R1,15,325
2019-08-19,Monday,0,Clear,R1,15,331
2019-08-20,Tuesday,0,Clear,R1,13,265
2019-08-21,Wednesday,0,Clear,R1,12,310
2019-08-22,Thursday,0,Clear,R1,12,307
2019-08-23,Friday,0,Clear,R1,13,396
2019-08-24,Saturday,0,Clear,R1,20,362
2019-08-25,Sunday,0,Clear,R1,10,304
2019-08-26,Monday,0,Clear,R1,14,306
2019-08-27,Tuesday,0,Clear,R1,18,401
2019-08-28,Wednesday,0,Clear,R1,15,328
2019-08-29,Thursday,0,Clear,R1,16,325
2019-08-30,Friday,0,Clear,R1,15,282
2019-08-31,Saturday,0,Clear,R1,14,326
2019-09-01,Sunday,0,Clear,R1,14,423
2019-09-02,Monday,0,Clear,R1,14,268
2019-09-03,Tuesday,0,Clear,R1,16,376
2019-09-04,Wednesday,0,Clear,R1,16,503
2019-09-05,Thursday,0,Clear,R1,11,288
2019-09-06,Friday,0,Clear,R1,14,301
2019-09-07,Saturday,0,Clear,R1,15,381
2019-09-08,Sunday,0,Clear,R1,14,330
2019-09-09,Monday,0,Clear,R1,13,309
2019-09-10,Tuesday,0,Clear,R1,14,408
2019-09-11,Wednesday,0,Clear,R1,17,419
2019-09-12,Thursday,0,Clear,R1,14,329
2019-09-13,Friday,0,Clear,R1,15,394
2019-09-14,Saturday,0,Clear,R1,24,348
2019-09-15,Sunday,0,Clear,R1,14,300
2019-09-16,Monday,0,Clear,R1,11,331
2019-09-17,Tuesday,0,Clear,R1,18,411
2019-09-18,Wednesday,0,Clear,R1,12,367
2019-09-19,Thursday,0,Clear,R1,14,398
2019-09-20,Friday,0,Clear,R1,18,412
2019-09-21,Saturday,0,Clear,R1,14,394
2019-09-22,Sunday,0,Clear,R1,12,418
2019-09-23,Monday,0,Clear,R1,16,474
2019-09-24,Tuesday,0,Clear,R1,19,399
2019-09-25,Wednesday,0,Clear,R1,17,252
2019-09-26,Thursday,0,Clear,R1,15,425
2019-09-27,Friday,0,Clear,R1,10,310
2019-09-28,Saturday,0,Clear,R1,19,389
2019-09-29,Sunday,0,Clear,R1,18,396
2019-09-30,Monday,0,Clear,R1,17,339
2019-10-01,Tuesday,0,Clear,R1,14,322
2019-10-02,Wednesday,0,Clear,R1,18,327
2019-10-03,Thursday,0,Clear,R1,11,407
2019-10-04,Friday,0,Clear,R1,11,393
2019-10-05,Saturday,0,Clear,R1,14,350
2019-10-06,Sunday,0,Clear,R1,13,374
2019-10-07,Monday,0,Clear,R1,12,426
2019-10-08,Tuesday,0,Clear,R1,15,299
2019-10-09,Wednesday,0,Clear,R1,16,335
2019-10-10,Thursday,0,Clear,R1,16,352
2019-10-11,Friday,0,Clear,R1,13,399
2019-10-12,Saturday,0,Clear,R1,16,343
2019-10-13,Sunday,0,Clear,R1,11,297
2019-10-14,Monday,0,Clear,R1,13,307
2019-10-15,Tuesday,0,Clear,R1,10,297
2019-10-16,Wednesday,0,Clear,R1,15,358
2019-10-17,Thursday,0,Clear,R1,16,277
2019-10-18,Friday,0,Clear,R1,14,391
2019-10-19,Saturday,0,Clear,R1,18,454
2019-10-20,Sunday,0,Clear,R1,17,363
2019-10-21,Monday,0,Clear,R1,16,379
2019-10-22,Tuesday,0,Clear,R1,18,370
2019-10-23,Wednesday,0,Clear,R1,14,348
2019-10-24,Thursday,0,Clear,R1,9,434
2019-10-25,Friday,0,Clear,R1,16,396
2019-10-26,Saturday,0,Clear,R1,13,293
2019-10-27,Sunday,0,Clear,R1,15,395
2019-10-28,Monday,0,Clear,R1,14,441
2019-10-29,Tuesday,0,Clear,R1,20,339
2019-10-30,Wednesday,0,Clear,R1,14,318
2019-10-31,Thursday,0,Clear,R1,12,442
2019-11-01,Friday,0,Clear,R1,15,295
2019-11-02,Saturday,0,Clear,R1,13,399
2019-11-03,Sunday,0,Clear,R1,15,412
2019-11-04,Monday,0,Clear,R1,11,238
2019-11-05,Tuesday,0,Clear,R1,13,360
2019-11-06,Wednesday,0,Clear,R1,16,348
2019-11-07,Thursday,0,Clear,R1,18,422
2019-11-08,Friday,0,Clear,R1,15,384
2019-11-09,Saturday,0,Clear,R1,16,455
2019-11-10,Sunday,0,Clear,R1,16,334
2019-11-11,Monday,0,Clear,R1,15,224
2019-11-12,Tuesday,0,Clear,R1,15,334
2019-11-13,Wednesday,0,Clear,R1,14,362
2019-11-14,Thursday,0,Clear,R1,12,329
2019-11-15,Friday,0,Clear,R1,11,336
2019-11-16,Saturday,0,Clear,R1,14,286
2019-11-17,Sunday,0,Clear,R1,16,389
2019-11-18,Monday,0,Clear,R1,15,342
2019-11-19,Tuesday,0,Clear,R1,14,318
2019-11-20,Wednesday,0,Clear,R1,12,231
2019-11-21,Thursday,0,Clear,R1,17,390
2019-11-22,Friday,0,Clear,R1,16,321
2019-11-23,Saturday,0,Clear,R1,12,357
2019-11-24,Sunday,0,Clear,R1,16,387
2019-11-25,Monday,0,Clear,R1,13,369
2019-11-26,Tuesday,0,Clear,R1,16,355
2019-11-27,Wednesday,0,Clear,R1,13,341
2019-11-28,Thursday,0,Clear,R1,15,339
2019-11-29,Friday,0,Clear,R1,15,412
2019-11-30,Saturday,0,Clear,R1,20,373
2019-12-01,Sunday,0,Clear,R1,11,392
2019-12-02,Monday,0,Clear,R1,11,297
2019-12-03,Tuesday,0,Clear,R1,11,362
2019-12-04,Wednesday,0,Clear,R1,14,315
2019-12-05,Thursday,0,Clear,R1,11,259
2019-12-06,Friday,0,Clear,R1,19,327
2019-12-07,Saturday,0,Clear,R1,12,434
2019-12-08,Sunday,0,Clear,R1,20,322
2019-12-09,Monday,0,Clear,R1,12,389
2019-12-10,Tuesday,0,Clear,R1,18,403
2019-12-11,Wednesday,0,Clear,R1,14,290
2019-12-12,Thursday,0,Clear,R1,14,458
2019-12-13,Friday,0,Clear,R1,17,455
2019-12-14,Saturday,0,Clear,R1,16,343
2019-12-15,Sunday,0,Clear,R1,17,388
2019-12-16,Monday,0,Clear,R1,17,353
2019-12-17,Tuesday,0,Clear,R1,10,351
2019-12-18,Wednesday,0,Clear,R1,13,327
2019-12-19,Thursday,0,Clear,R1,16,392
2019-12-20,Friday,0,Clear,R1,15,210
2019-12-21,Saturday,0,Clear,R1,16,405
2019-12-22,Sunday,0,Clear,R1,13,468
2019-12-23,Monday,0,Clear,R1,14,413
2019-12-24,Tuesday,0,Clear,R1,16,384
2019-12-25,Wednesday,1,Clear,R1,15,279
2019-12-26,Thursday,0,Clear,R1,15,500
2019-12-27,Friday,0,Clear,R1,10,380
2019-12-28,Saturday,0,Clear,R1,8,314
2019-12-29,Sunday,0,Clear,R1,13,352
2019-12-30,Monday,0,Clear,R1,13,361
2019-12-31,Tuesday,0,Clear,R1,18,279
2020-01-01,Wednesday,0,Clear,R1,16,239
2020-01-02,Thursday,0,Clear,R1,17,392
2020-01-03,Friday,0,Clear,R1,10,450
2020-01-04,Saturday,0,Clear,R1,18,425
2020-01-05,Sunday,0,Clear,R1,19,406
2020-01-06,Monday,0,Clear,R1,16,465
2020-01-07,Tuesday,0,Clear,R1,13,260
2020-01-08,Wednesday,0,Clear,R1,17,429
2020-01-09,Thursday,0,Clear,R1,16,377
2020-01-10,Friday,0,Clear,R1,13,389
2020-01-11,Saturday,0,Clear,R1,11,417
2020-01-12,Sunday,0,Clear,R1,12,427
2020-01-13,Monday,0,Clear,R1,16,413
2020-01-14,Tuesday,0,Clear,R1,13,326
2020-01-15,Wednesday,0,Clear,R1,12,216
2020-01-16,Thursday,0,Clear,R1,14,386
2020-01-17,Friday,0,Clear,R1,14,445
2020-01-18,Saturday,0,Clear,R1,21,385
2020-01-19,Sunday,0,Clear,R1,16,403
2020-01-20,Monday,0,Clear,R1,18,414
2020-01-21,Tuesday,0,Clear,R1,20,321
2020-01-22,Wednesday,0,Clear,R1,17,333
2020-01-23,Thursday,0,Clear,R1,13,358
2020-01-24,Friday,0,Clear,R1,12,445
2020-01-25,Saturday,0,Clear,R1,11,317
2020-01-26,Sunday,0,Clear,R1,14,340
2020-01-27,Monday,0,Clear,R1,11,350
2020-01-28,Tuesday,0,Clear,R1,10,404
2020-01-29,Wednesday,0,Clear,R1,14,342
2020-01-30,Thursday,0,Clear,R1,15,490
2020-01-31,Friday,0,Clear,R1,14,415
2020-02-01,Saturday,0,Clear,R1,10,306
2020-02-02,Sunday,0,Clear,R1,14,383
2020-02-03,Monday,0,Clear,R1,13,269
2020-02-04,Tuesday,0,Clear,R1,15,488
2020-02-05,Wednesday,0,Clear,R1,17,385
2020-02-06,Thursday,0,Clear,R1,15,414
2020-02-07,Friday,0,Clear,R1,14,320
2020-02-08,Saturday,0,Clear,R1,13,455
2020-02-09,Sunday,0,Clear,R1,23,423
2020-02-10,Monday,0,Clear,R1,17,365
2020-02-11,Tuesday,0,Clear,R1,13,321
2020-02-12,Wednesday,0,Clear,R1,12,388
2020-02-13,Thursday,0,Clear,R1,18,271
2020-02-14,Friday,0,Clear,R1,14,440
2020-02-15,Saturday,0,Clear,R1,15,360
2020-02-16,Sunday,0,Clear,R1,15,403
2020-02-17,Monday,0,Clear,R1,16,455
2020-02-18,Tuesday,0,Clear,R1,14,320
2020-02-19,Wednesday,0,Clear,R1,15,380
2020-02-20,Thursday,0,Clear,R1,14,278
2020-02-21,Friday,0,Clear,R1,16,313
2020-02-22,Saturday,0,Clear,R1,18,336
2020-02-23,Sunday,0,Clear,R1,16,443
2020-02-24,Monday,0,Clear,R1,12,373
2020-02-25,Tuesday,0,Clear,R1,13,296
2020-02-26,Wednesday,0,Clear,R1,16,366
2020-02-27,Thursday,0,Clear,R1,12,347
2020-02-28,Friday,0,Clear,R1,16,451
2020-02-29,Saturday,0,Clear,R1,17,387
2020-03-01,Sunday,0,Clear,R1,16,324
2020-03-02,Monday,0,Clear,R1,14,358
2020-03-03,Tuesday,0,Clear,R1,17,428
2020-03-04,Wednesday,0,Clear,R1,20,393
2020-03-05,Thursday,0,Clear,R1,13,381
2020-03-06,Friday,0,Clear,R1,16,340
2020-03-07,Saturday,0,Clear,R1,20,381
2020-03-08,Sunday,0,Clear,R1,8,333
2020-03-09,Monday,0,Clear,R1,12,248
2020-03-10,Tuesday,0,Clear,R1,16,251
2020-03-11,Wednesday,0,Clear,R1,16,336
2020-03-12,Thursday,0,Clear,R1,14,354
2020-03-13,Friday,0,Clear,R1,21,394
2020-03-14,Saturday,0,Clear,R1,15,384
2020-03-15,Sunday,0,Clear,R1,15,388
2020-03-16,Monday,0,Clear,R1,17,386
2020-03-17,Tuesday,0,Clear,R1,13,378
2020-03-18,Wednesday,0,Clear,R1,19,345
2020-03-19,Thursday,0,Clear,R1,15,335
2020-03-20,Friday,0,Clear,R1,15,369
2020-03-21,Saturday,0,Clear,R1,13,400
2020-03-22,Sunday,0,Clear,R1,14,273
2020-03-23,Monday,0,Clear,R1,14,379
2020-03-24,Tuesday,0,Clear,R1,14,392
2020-03-25,Wednesday,0,Clear,R1,14,291
2020-03-26,Thursday,0,Clear,R1,14,372
2020-03-27,Friday,0,Clear,R1,10,354
2020-03-28,Saturday,0,Clear,R1,14,320
2020-03-29,Sunday,0,Clear,R1,13,358
2020-03-30,Monday,0,Clear,R1,16,213
2020-03-31,Tuesday,0,Clear,R1,13,374
2020-04-01,Wednesday,0,Clear,R1,20,381
2020-04-02,Thursday,0,Clear,R1,16,304
2020-04-03,Friday,0,Clear,R1,11,424
2020-04-04,Saturday,0,Clear,R1,11,319
2020-04-05,Sunday,0,Clear,R1,9,314
2020-04-06,Monday,0,Clear,R1,15,322
2020-04-07,Tuesday,0,Clear,R1,8,369
2020-04-08,Wednesday,0,Clear,R1,14,335
2020-04-09,Thursday,0,Clear,R1,15,407
2020-04-10,Friday,0,Clear,R1,14,350
2020-04-11,Saturday,0,Clear,R1,19,404
2020-04-12,Sunday,0,Clear,R1,14,291
2020-04-13,Monday,0,Clear,R1,14,400
2020-04-14,Tuesday,0,Clear,R1,13,287
2020-04-15,Wednesday,0,Clear,R1,15,440
2020-04-16,Thursday,0,Clear,R1,15,405
2020-04-17,Friday,0,Clear,R1,11,509
2020-04-18,Saturday,0,Clear,R1,12,286
2020-04-19,Sunday,0,Clear,R1,12,344
2020-04-20,Monday,0,Clear,R1,16,373
2020-04-21,Tuesday,0,Clear,R1,15,263
2020-04-22,Wednesday,0,Clear,R1,14,321
2020-04-23,Thursday,0,Clear,R1,15,294
2020-04-24,Friday,0,Clear,R1,14,206
2020-04-25,Saturday,0,Clear,R1,11,375
2020-04-26,Sunday,0,Clear,R1,14,383
2020-04-27,Monday,0,Clear,R1,15,391
2020-04-28,Tuesday,0,Clear,R1,14,373
2020-04-29,Wednesday,0,Clear,R1,15,366
2020-04-30,Thursday,0,Clear,R1,12,335
2020-05-01,Friday,0,Clear,R1,17,327
2020-05-02,Saturday,0,Clear,R1,13,376
2020-05-03,Sunday,0,Clear,R1,12,370
2020-05-04,Monday,0,Clear,R1,14,305
2020-05-05,Tuesday,0,Clear,R1,19,405
2020-05-06,Wednesday,0,Clear,R1,15,263
2020-05-07,Thursday,0,Clear,R1,14,349
2020-05-08,Friday,0,Clear,R1,13,299
2020-05-09,Saturday,0,Clear,R1,17,420
2020-05-10,Sunday,0,Clear,R1,16,349
2020-05-11,Monday,0,Clear,R1,20,296
2020-05-12,Tuesday,0,Clear,R1,12,452
2020-05-13,Wednesday,0,Clear,R1,11,378
2020-05-14,Thursday,0,Clear,R1,14,390
2020-05-15,Friday,0,Clear,R1,14,306
2020-05-16,Saturday,0,Clear,R1,15,326
2020-05-17,Sunday,0,Clear,R1,12,288
2020-05-18,Monday,0,Clear,R1,11,260
2020-05-19,Tuesday,0,Clear,R1,15,266
2020-05-20,Wednesday,0,Clear,R1,13,390
2020-05-21,Thursday,0,Clear,R1,13,251
2020-05-22,Friday,0,Clear,R1,15,415
2020-05-23,Saturday,0,Clear,R1,14,430
2020-05-24,Sunday,0,Clear,R1,20,356
2020-05-25,Monday,0,Clear,R1,14,429
2020-05-26,Tuesday,0,Clear,R1,17,442
2020-05-27,Wednesday,0,Clear,R1,22,361
2020-05-28,Thursday,0,Clear,R1,11,328
2020-05-29,Friday,0,Clear,R1,13,351
2020-05-30,Saturday,0,Clear,R1,13,378
2020-05-31,Sunday,0,Clear,R1,14,441
2020-06-01,Monday,0,Clear,R1,16,376
2020-06-02,Tuesday,0,Clear,R1,19,376
2020-06-03,Wednesday,0,Clear,R1,15,378
2020-06-04,Thursday,0,Clear,R1,19,265
2020-06-05,Friday,0,Clear,R1,10,282
2020-06-06,Saturday,0,Clear,R1,18,368
2020-06-07,Sunday,0,Clear,R1,10,302
2020-06-08,Monday,0,Clear,R1,16,355
2020-06-09,Tuesday,0,Clear,R1,10,359
2020-06-10,Wednesday,0,Clear,R1,15,401
2020-06-11,Thursday,0,Clear,R1,13,279
2020-06-12,Friday,0,Clear,R1,14,228
2020-06-13,Saturday,0,Clear,R1,13,555
2020-06-14,Sunday,0,Clear,R1,15,416
2020-06-15,Monday,0,Clear,R1,15,314
2020-06-16,Tuesday,0,Clear,R1,15,294
2020-06-17,Wednesday,0,Clear,R1,15,202
2020-06-18,Thursday,0,Clear,R1,15,322
2020-06-19,Friday,0,Clear,R1,15,357
2020-06-20,Saturday,0,Clear,R1,13,331
2020-06-21,Sunday,0,Clear,R1,11,349
2020-06-22,Monday,0,Clear,R1,15,439
2020-06-23,Tuesday,0,Clear,R1,19,430
2020-06-24,Wednesday,0,Clear,R1,11,443
2020-06-25,Thursday,0,Clear,R1,17,373
2020-06-26,Friday,0,Clear,R1,16,341
2020-06-27,Saturday,0,Clear,R1,11,362
2020-06-28,Sunday,0,Clear,R1,19,526
2020-06-29,Monday,0,Clear,R1,12,298
2020-06-30,Tuesday,0,Clear,R1,16,432
2020-07-01,Wednesday,0,Clear,R1,14,361
2020-07-02,Thursday,0,Clear,R1,14,307
2020-07-03,Friday,0,Clear,R1,16,428
2020-07-04,Saturday,0,Clear,R1,17,379
2020-07-05,Sunday,0,Clear,R1,17,417
2020-07-06,Monday,0,Clear,R1,15,415
2020-07-07,Tuesday,0,Clear,R1,16,368
2020-07-08,Wednesday,0,Clear,R1,17,428
2020-07-09,Thursday,0,Clear,R1,13,379
2020-07-10,Friday,0,Clear,R1,12,325
2020-07-11,Saturday,0,Clear,R1,17,449
2020-07-12,Sunday,0,Clear,R1,14,392
2020-07-13,Monday,0,Clear,R1,15,378
2020-07-14,Tuesday,0,Clear,R1,15,368
2020-07-15,Wednesday,0,Clear,R1,17,334
2020-07-16,Thursday,0,Clear,R1,15,357
2020-07-17,Friday,0,Clear,R1,12,303
2020-07-18,Saturday,0,Clear,R1,10,354
2020-07-19,Sunday,0,Clear,R1,14,408
2020-07-20,Monday,0,Clear,R1,16,373
2020-07-21,Tuesday,0,Clear,R1,18,400
2020-07-22,Wednesday,0,Clear,R1,12,328
2020-07-23,Thursday,0,Clear,R1,12,438
2020-07-24,Friday,0,Clear,R1,14,430
2020-07-25,Saturday,0,Clear,R1,16,427
2020-07-26,Sunday,0,Clear,R1,13,301
2020-07-27,Monday,0,Clear,R1,14,259
2020-07-28,Tuesday,0,Clear,R1,15,468
2020-07-29,Wednesday,0,Clear,R1,13,250
2020-07-30,Thursday,0,Clear,R1,13,374
2020-07-31,Friday,0,Clear,R1,12,316
2020-08-01,Saturday,0,Clear,R1,17,377
2020-08-02,Sunday,0,Clear,R1,14,333
2020-08-03,Monday,0,Clear,R1,13,306
2020-08-04,Tuesday,0,Clear,R1,12,347
2020-08-05,Wednesday,0,Clear,R1,12,420
2020-08-06,Thursday,0,Clear,R1,12,307
2020-08-07,Friday,0,Clear,R1,14,311
2020-08-08,Saturday,0,Clear,R1,13,447
2020-08-09,Sunday,0,Clear,R1,15,337
2020-08-10,Monday,0,Clear,R1,12,228
2020-08-11,Tuesday,0,Clear,R1,14,345
2020-08-12,Wednesday,0,Clear,R1,14,314
2020-08-13,Thursday,0,Clear,R1,12,345
2020-08-14,Friday,0,Clear,R1,16,441
2020-08-15,Saturday,0,Clear,R1,14,338
2020-08-16,Sunday,0,Clear,R1,14,412
2020-08-17,Monday,0,Clear,R1,15,448
2020-08-18,Tuesday,0,Clear,R1,12,329
2020-08-19,Wednesday,0,Clear,R1,15,367
2020-08-20,Thursday,0,Clear,R1,13,316
2020-08-21,Friday,0,Clear,R1,11,354
2020-08-22,Saturday,0,Clear,R1,18,384
2020-08-23,Sunday,0,Clear,R1,12,389
2020-08-24,Monday,0,Clear,R1,10,383
2020-08-25,Tuesday,0,Clear,R1,15,285
2020-08-26,Wednesday,0,Clear,R1,14,268
2020-08-27,Thursday,0,Clear,R1,17,223
2020-08-28,Friday,0,Clear,R1,16,262
2020-08-29,Saturday,0,Clear,R1,14,334
2020-08-30,Sunday,0,Clear,R1,15,441
2020-08-31,Monday,0,Clear,R1,14,370
2020-09-01,Tuesday,0,Clear,R1,14,395
2020-09-02,Wednesday,0,Clear,R1,13,345
2020-09-03,Thursday,0,Clear,R1,15,420
2020-09-04,Friday,0,Clear,R1,14,328
2020-09-05,Saturday,0,Clear,R1,13,424
2020-09-06,Sunday,0,Clear,R1,16,391
2020-09-07,Monday,0,Clear,R1,15,372
2020-09-08,Tuesday,0,Clear,R1,19,410
2020-09-09,Wednesday,0,Clear,R1,10,297
2020-09-10,Thursday,0,Clear,R1,19,421
2020-09-11,Friday,0,Clear,R1,15,330
2020-09-12,Saturday,0,Clear,R1,13,338
2020-09-13,Sunday,0,Clear,R1,21,287
2020-09-14,Monday,0,Clear,R1,13,378
2020-09-15,Tuesday,0,Clear,R1,11,343
2020-09-16,Wednesday,0,Clear,R1,18,471
2020-09-17,Thursday,0,Clear,R1,17,411
2020-09-18,Friday,0,Clear,R1,14,387
2020-09-19,Saturday,0,Clear,R1,14,360
2020-09-20,Sunday,0,Clear,R1,11,440
2020-09-21,Monday,0,Clear,R1,13,277
2020-09-22,Tuesday,0,Clear,R1,13,326
2020-09-23,Wednesday,0,Clear,R1,10,379
2020-09-24,Thursday,0,Clear,R1,15,325
2020-09-25,Friday,0,Clear,R1,16,365
2020-09-26,Saturday,0,Clear,R1,11,260
2020-09-27,Sunday,0,Clear,R1,17,309
2020-09-28,Monday,0,Clear,R1,13,295
2020-09-29,Tuesday,0,Clear,R1,12,405
2020-09-30,Wednesday,0,Clear,R1,13,319
2020-10-01,Thursday,0,Clear,R1,16,300
2020-10-02,Friday,0,Clear,R1,13,291
2020-10-03,Saturday,0,Clear,R1,13,413
2020-10-04,Sunday,0,Clear,R1,12,276
2020-10-05,Monday,0,Clear,R1,13,344
2020-10-06,Tuesday,0,Clear,R1,15,291
2020-10-07,Wednesday,0,Clear,R1,15,346
2020-10-08,Thursday,0,Clear,R1,18,361
2020-10-09,Friday,0,Clear,R1,16,394
2020-10-10,Saturday,0,Clear,R1,13,334
2020-10-11,Sunday,0,Clear,R1,18,403
2020-10-12,Monday,0,Clear,R1,14,319
2020-10-13,Tuesday,0,Clear,R1,18,487
2020-10-14,Wednesday,0,Clear,R1,12,287
2020-10-15,Thursday,0,Clear,R1,10,312
2020-10-16,Friday,0,Clear,R1,16,273
2020-10-17,Saturday,0,Clear,R1,18,371
2020-10-18,Sunday,0,Clear,R1,14,440
2020-10-19,Monday,0,Clear,R1,15,394
2020-10-20,Tuesday,0,Clear,R1,15,493
2020-10-21,Wednesday,0,Clear,R1,14,344
2020-10-22,Thursday,0,Clear,R1,13,310
2020-10-23,Friday,0,Clear,R1,12,335
2020-10-24,Saturday,0,Clear,R1,15,367
2020-10-25,Sunday,0,Clear,R1,13,313
2020-10-26,Monday,0,Clear,R1,14,376
2020-10-27,Tuesday,0,Clear,R1,14,315
2020-10-28,Wednesday,0,Clear,R1,13,273
2020-10-29,Thursday,0,Clear,R1,15,425
2020-10-30,Friday,0,Clear,R1,12,356
2020-10-31,Saturday,0,Clear,R1,14,309
2020-11-01,Sunday,0,Clear,R1,17,432
2020-11-02,Monday,0,Clear,R1,15,367
2020-11-03,Tuesday,0,Clear,R1,11,292
2020-11-04,Wednesday,0,Clear,R1,15,341
2020-11-05,Thursday,0,Clear,R1,14,323
2020-11-06,Friday,0,Clear,R1,11,362
2020-11-07,Saturday,0,Clear,R1,12,429
2020-11-08,Sunday,0,Clear,R1,11,353
2020-11-09,Monday,0,Clear,R1,17,351
2020-11-10,Tuesday,0,Clear,R1,19,428
2020-11-11,Wednesday,0,Clear,R1,11,286
2020-11-12,Thursday,0,Clear,R1,14,329
2020-11-13,Friday,0,Clear,R1,14,209
2020-11-14,Saturday,0,Clear,R1,20,420
2020-11-15,Sunday,0,Clear,R1,14,290
2020-11-16,Monday,0,Clear,R1,13,282
2020-11-17,Tuesday,0,Clear,R1,13,436
2020-11-18,Wednesday,0,Clear,R1,18,374
2020-11-19,Thursday,0,Clear,R1,16,427
2020-11-20,Friday,0,Clear,R1,10,408
2020-11-21,Saturday,0,Clear,R1,16,373
2020-11-22,Sunday,0,Clear,R1,14,385
2020-11-23,Monday,0,Clear,R1,15,260
2020-11-24,Tuesday,0,Clear,R1,13,495
2020-11-25,Wednesday,0,Clear,R1,12,292
2020-11-26,Thursday,0,Clear,R1,14,298
2020-11-27,Friday,0,Clear,R1,17,320
2020-11-28,Saturday,0,Clear,R1,16,363
2020-11-29,Sunday,0,Clear,R1,13,515
2020-11-30,Monday,0,Clear,R1,13,270
2020-12-01,Tuesday,0,Clear,R1,16,270
2020-12-02,Wednesday,0,Clear,R1,17,397
2020-12-03,Thursday,0,Clear,R1,13,254
2020-12-04,Friday,0,Clear,R1,14,310
2020-12-05,Saturday,0,Clear,R1,18,385
2020-12-06,Sunday,0,Clear,R1,15,262
2020-12-07,Monday,0,Clear,R1,13,280
2020-12-08,Tuesday,0,Clear,R1,11,295
2020-12-09,Wednesday,0,Clear,R1,16,304
2020-12-10,Thursday,0,Clear,R1,19,446
2020-12-11,Friday,0,Clear,R1,14,363
2020-12-12,Saturday,0,Clear,R1,17,383
2020-12-13,Sunday,0,Clear,R1,20,308
2020-12-14,Monday,0,Clear,R1,14,414
2020-12-15,Tuesday,0,Clear,R1,16,448
2020-12-16,Wednesday,0,Clear,R1,12,329
2020-12-17,Thursday,0,Clear,R1,16,363
2020-12-18,Friday,0,Clear,R1,20,362
2020-12-19,Saturday,0,Clear,R1,12,260
2020-12-20,Sunday,0,Clear,R1,13,386
2020-12-21,Monday,0,Clear,R1,12,330
2020-12-22,Tuesday,0,Clear,R1,13,422
2020-12-23,Wednesday,0,Clear,R1,14,356
2020-12-24,Thursday,0,Clear,R1,12,277
2020-12-25,Friday,1,Clear,R1,12,299
2020-12-26,Saturday,0,Clear,R1,19,321
2020-12-27,Sunday,0,Clear,R1,13,357
2020-12-28,Monday,0,Clear,R1,13,282
2020-12-29,Tuesday,0,Clear,R1,17,391
2020-12-30,Wednesday,0,Clear,R1,13,374
2020-12-31,Thursday,0,Clear,R1,20,323
2021-01-01,Friday,0,Clear,R1,15,245
2021-01-02,Saturday,0,Clear,R1,11,375
2021-01-03,Sunday,0,Clear,R1,20,392
2021-01-04,Monday,0,Clear,R1,12,435
2021-01-05,Tuesday,0,Clear,R1,16,323
2021-01-06,Wednesday,0,Clear,R1,10,273
2021-01-07,Thursday,0,Clear,R1,16,420
2021-01-08,Friday,0,Clear,R1,14,277
2021-01-09,Saturday,0,Clear,R1,15,341
2021-01-10,Sunday,0,Clear,R1,12,326
2021-01-11,Monday,0,Clear,R1,14,304
2021-01-12,Tuesday,0,Clear,R1,10,307
2021-01-13,Wednesday,0,Clear,R1,11,286
2021-01-14,Thursday,0,Clear,R1,13,333
2021-01-15,Friday,0,Clear,R1,14,293
2021-01-16,Saturday,0,Clear,R1,17,228
2021-01-17,Sunday,0,Clear,R1,12,302
2021-01-18,Monday,0,Clear,R1,13,333
2021-01-19,Tuesday,0,Clear,R1,20,441
2021-01-20,Wednesday,0,Clear,R1,18,224
2021-01-21,Thursday,0,Clear,R1,15,325
2021-01-22,Friday,0,Clear,R1,16,354
2021-01-23,Saturday,0,Clear,R1,9,342
2021-01-24,Sunday,0,Clear,R1,11,364
2021-01-25,Monday,0,Clear,R1,13,357
2021-01-26,Tuesday,0,Clear,R1,17,309
2021-01-27,Wednesday,0,Clear,R1,15,352
2021-01-28,Thursday,0,Clear,R1,21,286
2021-01-29,Friday,0,Clear,R1,14,378
2021-01-30,Saturday,0,Clear,R1,14,372
2021-01-31,Sunday,0,Clear,R1,13,236
2021-02-01,Monday,0,Clear,R1,11,343
2021-02-02,Tuesday,0,Clear,R1,15,364
2021-02-03,Wednesday,0,Clear,R1,16,407
2021-02-04,Thursday,0,Clear,R1,12,340
2021-02-05,Friday,0,Clear,R1,15,374
2021-02-06,Saturday,0,Clear,R1,18,352
2021-02-07,Sunday,0,Clear,R1,13,338
2021-02-08,Monday,0,Clear,R1,16,343
2021-02-09,Tuesday,0,Clear,R1,12,304
2021-02-10,Wednesday,0,Clear,R1,15,317
2021-02-11,Thursday,0,Clear,R1,13,272
2021-02-12,Friday,0,Clear,R1,24,361
2021-02-13,Saturday,0,Clear,R1,11,255
2021-02-14,Sunday,0,Clear,R1,16,358
2021-02-15,Monday,0,Clear,R1,12,325
2021-02-16,Tuesday,0,Clear,R1,14,276
2021-02-17,Wednesday,0,Clear,R1,10,334
2021-02-18,Thursday,0,Clear,R1,13,430
2021-02-19,Friday,0,Clear,R1,14,291
2021-02-20,Saturday,0,Clear,R1,12,324
2021-02-21,Sunday,0,Clear,R1,11,371
2021-02-22,Monday,0,Clear,R1,11,327
2021-02-23,Tuesday,0,Clear,R1,15,396
2021-02-24,Wednesday,0,Clear,R1,12,324
2021-02-25,Thursday,0,Clear,R1,16,379
2021-02-26,Friday,0,Clear,R1,16,381
2021-02-27,Saturday,0,Clear,R1,17,298
2021-02-28,Sunday,0,Clear,R1,17,399
2021-03-01,Monday,0,Clear,R1,13,350
2021-03-02,Tuesday,0,Clear,R1,12,421
2021-03-03,Wednesday,0,Clear,R1,13,320
2021-03-04,Thursday,0,Clear,R1,15,400
2021-03-05,Friday,0,Clear,R1,12,389
2021-03-06,Saturday,0,Clear,R1,14,341
2021-03-07,Sunday,0,Clear,R1,12,348
2021-03-08,Monday,0,Clear,R1,13,278
2021-03-09,Tuesday,0,Clear,R1,17,433
2021-03-10,Wednesday,0,Clear,R1,16,250
2021-03-11,Thursday,0,Clear,R1,16,259
2021-03-12,Friday,0,Clear,R1,14,317
2021-03-13,Saturday,0,Clear,R1,16,437
2021-03-14,Sunday,0,Clear,R1,16,310
2021-03-15,Monday,0,Clear,R1,13,369
2021-03-16,Tuesday,0,Clear,R1,14,307
2021-03-17,Wednesday,0,Clear,R1,17,466
2021-03-18,Thursday,0,Clear,R1,13,321
2021-03-19,Friday,0,Clear,R1,17,362
2021-03-20,Saturday,0,Clear,R1,16,335
2021-03-21,Sunday,0,Clear,R1,16,327
2021-03-22,Monday,0,Clear,R1,13,389
2021-03-23,Tuesday,0,Clear,R1,12,376
2021-03-24,Wednesday,0,Clear,R1,11,321
2021-03-25,Thursday,0,Clear,R1,11,295
2021-03-26,Friday,0,Clear,R1,15,392
2021-03-27,Saturday,0,Clear,R1,16,341
2021-03-28,Sunday,0,Clear,R1,14,488
2021-03-29,Monday,0,Clear,R1,10,294
2021-03-30,Tuesday,0,Clear,R1,14,329
2021-03-31,Wednesday,0,Clear,R1,13,396
2021-04-01,Thursday,0,Clear,R1,16,342
2021-04-02,Friday,0,Clear,R1,12,397
2021-04-03,Saturday,0,Clear,R1,16,388
2021-04-04,Sunday,0,Clear,R1,14,469
2021-04-05,Monday,0,Clear,R1,16,438
2021-04-06,Tuesday,0,Clear,R1,15,431
2021-04-07,Wednesday,0,Clear,R1,13,359
2021-04-08,Thursday,0,Clear,R1,16,289
2021-04-09,Friday,0,Clear,R1,18,292
2021-04-10,Saturday,0,Clear,R1,11,439
2021-04-11,Sunday,0,Clear,R1,16,361
2021-04-12,Monday,0,Clear,R1,14,269
2021-04-13,Tuesday,0,Clear,R1,18,535
2021-04-14,Wednesday,0,Clear,R1,13,403
2021-04-15,Thursday,0,Clear,R1,13,310
2021-04-16,Friday,0,Clear,R1,13,292
2021-04-17,Saturday,0,Clear,R1,18,358
2021-04-18,Sunday,0,Clear,R1,13,298
2021-04-19,Monday,0,Clear,R1,12,317
2021-04-20,Tuesday,0,Clear,R1,16,377
2021-04-21,Wednesday,0,Clear,R1,13,395
2021-04-22,Thursday,0,Clear,R1,17,370
2021-04-23,Friday,0,Clear,R1,11,312
2021-04-24,Saturday,0,Clear,R1,15,314
2021-04-25,Sunday,0,Clear,R1,17,337
2021-04-26,Monday,0,Clear,R1,14,337
2021-04-27,Tuesday,0,Clear,R1,17,391
2021-04-28,Wednesday,0,Clear,R1,12,363
2021-04-29,Thursday,0,Clear,R1,14,306
2021-04-30,Friday,0,Clear,R1,10,318
2021-05-01,Saturday,0,Clear,R1,11,437
2021-05-02,Sunday,0,Clear,R1,14,323
2021-05-03,Monday,0,Clear,R1,17,461
2021-05-04,Tuesday,0,Clear,R1,16,299
2021-05-05,Wednesday,0,Clear,R1,15,463
2021-05-06,Thursday,0,Clear,R1,19,320
2021-05-07,Friday,0,Clear,R1,15,388
2021-05-08,Saturday,0,Clear,R1,12,277
2021-05-09,Sunday,0,Clear,R1,16,495
2021-05-10,Monday,0,Clear,R1,12,404
2021-05-11,Tuesday,0,Clear,R1,13,404
2021-05-12,Wednesday,0,Clear,R1,12,394
2021-05-13,Thursday,0,Clear,R1,17,372
2021-05-14,Friday,0,Clear,R1,18,522
2021-05-15,Saturday,0,Clear,R1,11,337
2021-05-16,Sunday,0,Clear,R1,12,280
2021-05-17,Monday,0,Clear,R1,15,455
2021-05-18,Tuesday,0,Clear,R1,9,334
2021-05-19,Wednesday,0,Clear,R1,9,331
2021-05-20,Thursday,0,Clear,R1,18,422
2021-05-21,Friday,0,Clear,R1,17,326
2021-05-22,Saturday,0,Clear,R1,16,446
2021-05-23,Sunday,0,Clear,R1,17,529
2021-05-24,Monday,0,Clear,R1,14,360
2021-05-25,Tuesday,0,Clear,R1,17,314
2021-05-26,Wednesday,0,Clear,R1,17,486
2021-05-27,Thursday,0,Clear,R1,13,316
2021-05-28,Friday,0,Clear,R1,16,394
2021-05-29,Saturday,0,Clear,R1,10,253
2021-05-30,Sunday,0,Clear,R1,17,408
2021-05-31,Monday,0,Clear,R1,13,447
2021-06-01,Tuesday,0,Clear,R1,12,310
2021-06-02,Wednesday,0,Clear,R1,12,386
2021-06-03,Thursday,0,Clear,R1,20,471
2021-06-04,Friday,0,Clear,R1,13,401
2021-06-05,Saturday,0,Clear,R1,14,327
2021-06-06,Sunday,0,Clear,R1,11,326
2021-06-07,Monday,0,Clear,R1,15,309
2021-06-08,Tuesday,0,Clear,R1,14,377
2021-06-09,Wednesday,0,Clear,R1,15,331
2021-06-10,Thursday,0,Clear,R1,9,346
2021-06-11,Friday,0,Clear,R1,15,401
2021-06-12,Saturday,0,Clear,R1,12,218
2021-06-13,Sunday,0,Clear,R1,14,291
2021-06-14,Monday,0,Clear,R1,14,413
2021-06-15,Tuesday,0,Clear,R1,16,270
2021-06-16,Wednesday,0,Clear,R1,9,311
2021-06-17,Thursday,0,Clear,R1,15,359
2021-06-18,Friday,0,Clear,R1,13,281
2021-06-19,Saturday,0,Clear,R1,15,393
2021-06-20,Sunday,0,Clear,R1,14,355
2021-06-21,Monday,0,Clear,R1,16,405
2021-06-22,Tuesday,0,Clear,R1,16,325
2021-06-23,Wednesday,0,Clear,R1,16,434
2021-06-24,Thursday,0,Clear,R1,12,327
2021-06-25,Friday,0,Clear,R1,11,454
2021-06-26,Saturday,0,Clear,R1,13,296
2021-06-27,Sunday,0,Clear,R1,15,365
2021-06-28,Monday,0,Clear,R1,17,513
2021-06-29,Tuesday,0,Clear,R1,15,349
2021-06-30,Wednesday,0,Clear,R1,14,296
2021-07-01,Thursday,0,Clear,R1,17,405
2021-07-02,Friday,0,Clear,R1,15,298
2021-07-03,Saturday,0,Clear,R1,18,353
2021-07-04,Sunday,0,Clear,R1,12,280
2021-07-05,Monday,0,Clear,R1,18,366
2021-07-06,Tuesday,0,Clear,R1,12,329
2021-07-07,Wednesday,0,Clear,R1,11,292
2021-07-08,Thursday,0,Clear,R1,14,274
2021-07-09,Friday,0,Clear,R1,16,484
2021-07-10,Saturday,0,Clear,R1,16,241
2021-07-11,Sunday,0,Clear,R1,14,420
2021-07-12,Monday,0,Clear,R1,12,311
2021-07-13,Tuesday,0,Clear,R1,16,464
2021-07-14,Wednesday,0,Clear,R1,18,284
2021-07-15,Thursday,0,Clear,R1,14,418
2021-07-16,Friday,0,Clear,R1,11,428
2021-07-17,Saturday,0,Clear,R1,18,414
2021-07-18,Sunday,0,Clear,R1,18,417
2021-07-19,Monday,0,Clear,R1,12,364
2021-07-20,Tuesday,0,Clear,R1,15,272
2021-07-21,Wednesday,0,Clear,R1,13,315
2021-07-22,Thursday,0,Clear,R1,14,416
2021-07-23,Friday,0,Clear,R1,16,301
2021-07-24,Saturday,0,Clear,R1,14,336
2021-07-25,Sunday,0,Clear,R1,13,464
2021-07-26,Monday,0,Clear,R1,13,355
2021-07-27,Tuesday,0,Clear,R1,14,265
2021-07-28,Wednesday,0,Clear,R1,19,371
2021-07-29,Thursday,0,Clear,R1,12,232
2021-07-30,Friday,0,Clear,R1,12,307
2021-07-31,Saturday,0,Clear,R1,17,422
2021-08-01,Sunday,0,Clear,R1,19,329
2021-08-02,Monday,0,Clear,R1,20,393
2021-08-03,Tuesday,0,Clear,R1,17,425
2021-08-04,Wednesday,0,Clear,R1,11,352
2021-08-05,Thursday,0,Clear,R1,15,368
2021-08-06,Friday,0,Clear,R1,13,324
2021-08-07,Saturday,0,Clear,R1,16,390
2021-08-08,Sunday,0,Clear,R1,18,439
2021-08-09,Monday,0,Clear,R1,19,501
2021-08-10,Tuesday,0,Clear,R1,11,374
2021-08-11,Wednesday,0,Clear,R1,16,492
2021-08-12,Thursday,0,Clear,R1,9,438
2021-08-13,Friday,0,Clear,R1,14,448
2021-08-14,Saturday,0,Clear,R1,15,306
2021-08-15,Sunday,0,Clear,R1,18,364
2021-08-16,Monday,0,Clear,R1,13,265
2021-08-17,Tuesday,0,Clear,R1,17,356
2021-08-18,Wednesday,0,Clear,R1,8,301
2021-08-19,Thursday,0,Clear,R1,13,363
2021-08-20,Friday,0,Clear,R1,14,326
2021-08-21,Saturday,0,Clear,R1,16,361
2021-08-22,Sunday,0,Clear,R1,12,340
2021-08-23,Monday,0,Clear,R1,14,451
2021-08-24,Tuesday,0,Clear,R1,15,321
2021-08-25,Wednesday,0,Clear,R1,9,384
2021-08-26,Thursday,0,Clear,R1,14,401
2021-08-27,Friday,0,Clear,R1,17,383
2021-08-28,Saturday,0,Clear,R1,11,340
2021-08-29,Sunday,0,Clear,R1,12,337
2021-08-30,Monday,0,Clear,R1,13,419
2021-08-31,Tuesday,0,Clear,R1,18,441
2021-09-01,Wednesday,0,Clear,R1,12,312
2021-09-02,Thursday,0,Clear,R1,11,303
2021-09-03,Friday,0,Clear,R1,12,255
2021-09-04,Saturday,0,Clear,R1,14,436
2021-09-05,Sunday,0,Clear,R1,15,445
2021-09-06,Monday,0,Clear,R1,15,424
2021-09-07,Tuesday,0,Clear,R1,15,273
2021-09-08,Wednesday,0,Clear,R1,17,315
2021-09-09,Thursday,0,Clear,R1,12,434
2021-09-10,Friday,0,Clear,R1,10,294
2021-09-11,Saturday,0,Clear,R1,14,332
2021-09-12,Sunday,0,Clear,R1,12,429
2021-09-13,Monday,0,Clear,R1,19,460
2021-09-14,Tuesday,0,Clear,R1,14,385
2021-09-15,Wednesday,0,Clear,R1,12,362
2021-09-16,Thursday,0,Clear,R1,15,308
2021-09-17,Friday,0,Clear,R1,17,375
2021-09-18,Saturday,0,Clear,R1,13,349
2021-09-19,Sunday,0,Clear,R1,11,330
2021-09-20,Monday,0,Clear,R1,14,354
2021-09-21,Tuesday,0,Clear,R1,15,332
2021-09-22,Wednesday,0,Clear,R1,18,396
2021-09-23,Thursday,0,Clear,R1,17,349
2021-09-24,Friday,0,Clear,R1,14,430
2021-09-25,Saturday,0,Clear,R1,17,422
2021-09-26,Sunday,0,Clear,R1,16,331
2021-09-27,Monday,0,Clear,R1,13,361
2021-09-28,Tuesday,0,Clear,R1,15,423
2021-09-29,Wednesday,0,Clear,R1,18,398
2021-09-30,Thursday,0,Clear,R1,15,246
2021-10-01,Friday,0,Clear,R1,12,322
2021-10-02,Saturday,0,Clear,R1,11,374
2021-10-03,Sunday,0,Clear,R1,13,312
2021-10-04,Monday,0,Clear,R1,14,310
2021-10-05,Tuesday,0,Clear,R1,17,471
2021-10-06,Wednesday,0,Clear,R1,15,263
2021-10-07,Thursday,0,Clear,R1,19,299
2021-10-08,Friday,0,Clear,R1,13,339
2021-10-09,Saturday,0,Clear,R1,13,396
2021-10-10,Sunday,0,Clear,R1,11,318
2021-10-11,Monday,0,Clear,R1,19,329
2021-10-12,Tuesday,0,Clear,R1,14,365
2021-10-13,Wednesday,0,Clear,R1,17,451
2021-10-14,Thursday,0,Clear,R1,15,364
2021-10-15,Friday,0,Clear,R1,15,274
2021-10-16,Saturday,0,Clear,R1,13,390
2021-10-17,Sunday,0,Clear,R1,16,362
2021-10-18,Monday,0,Clear,R1,16,318
2021-10-19,Tuesday,0,Clear,R1,10,311
2021-10-20,Wednesday,0,Clear,R1,14,385
2021-10-21,Thursday,0,Clear,R1,15,462
2021-10-22,Friday,0,Clear,R1,13,320
2021-10-23,Saturday,0,Clear,R1,14,291
2021-10-24,Sunday,0,Clear,R1,14,265
2021-10-25,Monday,0,Clear,R1,11,443
2021-10-26,Tuesday,0,Clear,R1,13,367
2021-10-27,Wednesday,0,Clear,R1,12,381
2021-10-28,Thursday,0,Clear,R1,19,377
2021-10-29,Friday,0,Clear,R1,15,404
2021-10-30,Saturday,0,Clear,R1,16,311
2021-10-31,Sunday,0,Clear,R1,19,461
2021-11-01,Monday,0,Clear,R1,12,350
2021-11-02,Tuesday,0,Clear,R1,17,493
2021-11-03,Wednesday,0,Clear,R1,14,391
2021-11-04,Thursday,0,Clear,R1,18,446
2021-11-05,Friday,0,Clear,R1,15,469
2021-11-06,Saturday,0,Clear,R1,19,394
2021-11-07,Sunday,0,Clear,R1,12,320
2021-11-08,Monday,0,Clear,R1,18,377
2021-11-09,Tuesday,0,Clear,R1,12,338
2021-11-10,Wednesday,0,Clear,R1,13,278
2021-11-11,Thursday,0,Clear,R1,17,590
2021-11-12,Friday,0,Clear,R1,12,270
2021-11-13,Saturday,0,Clear,R1,11,533
2021-11-14,Sunday,0,Clear,R1,13,324
2021-11-15,Monday,0,Clear,R1,15,412
2021-11-16,Tuesday,0,Clear,R1,13,251
2021-11-17,Wednesday,0,Clear,R1,15,372
2021-11-18,Thursday,0,Clear,R1,17,289
2021-11-19,Friday,0,Clear,R1,15,369
2021-11-20,Saturday,0,Clear,R1,17,340
2021-11-21,Sunday,0,Clear,R1,11,337
2021-11-22,Monday,0,Clear,R1,18,435
2021-11-23,Tuesday,0,Clear,R1,14,365
2021-11-24,Wednesday,0,Clear,R1,15,364
2021-11-25,Thursday,0,Clear,R1,15,431
2021-11-26,Friday,0,Clear,R1,13,295
2021-11-27,Saturday,0,Clear,R1,16,310
2021-11-28,Sunday,0,Clear,R1,15,356
2021-11-29,Monday,0,Clear,R1,8,242
2021-11-30,Tuesday,0,Clear,R1,16,328
2021-12-01,Wednesday,0,Clear,R1,18,289
2021-12-02,Thursday,0,Clear,R1,14,355
2021-12-03,Friday,0,Clear,R1,13,329
2021-12-04,Saturday,0,Clear,R1,18,362
2021-12-05,Sunday,0,Clear,R1,13,505
2021-12-06,Monday,0,Clear,R1,14,416
2021-12-07,Tuesday,0,Clear,R1,15,360
2021-12-08,Wednesday,0,Clear,R1,16,511
2021-12-09,Thursday,0,Clear,R1,14,341
2021-12-10,Friday,0,Clear,R1,14,345
2021-12-11,Saturday,0,Clear,R1,13,320
2021-12-12,Sunday,0,Clear,R1,17,444
2021-12-13,Monday,0,Clear,R1,19,388
2021-12-14,Tuesday,0,Clear,R1,13,467
2021-12-15,Wednesday,0,Clear,R1,11,296
2021-12-16,Thursday,0,Clear,R1,9,313
2021-12-17,Friday,0,Clear,R1,19,363
2021-12-18,Saturday,0,Clear,R1,18,328
2021-12-19,Sunday,0,Clear,R1,16,337
2021-12-20,Monday,0,Clear,R1,14,306
2021-12-21,Tuesday,0,Clear,R1,12,460
2021-12-22,Wednesday,0,Clear,R1,13,308
2021-12-23,Thursday,0,Clear,R1,11,270
2021-12-24,Friday,0,Clear,R1,10,380
2021-12-25,Saturday,1,Clear,R1,17,339
2021-12-26,Sunday,0,Clear,R1,18,461
2021-12-27,Monday,0,Clear,R1,13,321
2021-12-28,Tuesday,0,Clear,R1,13,348
2021-12-29,Wednesday,0,Clear,R1,20,409
2021-12-30,Thursday,0,Clear,R1,12,407
2021-12-31,Friday,0,Clear,R1,17,251
2022-01-01,Saturday,0,Clear,R1,17,506
2022-01-02,Sunday,0,Clear,R1,10,328
2022-01-03,Monday,0,Clear,R1,15,422
2022-01-04,Tuesday,0,Clear,R1,17,449
2022-01-05,Wednesday,0,Clear,R1,15,285
2022-01-06,Thursday,0,Clear,R1,11,324
2022-01-07,Friday,0,Clear,R1,13,420
2022-01-08,Saturday,0,Clear,R1,10,377
2022-01-09,Sunday,0,Clear,R1,9,424
2022-01-10,Monday,0,Clear,R1,12,332
2022-01-11,Tuesday,0,Clear,R1,12,366
2022-01-12,Wednesday,0,Clear,R1,16,421
2022-01-13,Thursday,0,Clear,R1,9,478
2022-01-14,Friday,0,Clear,R1,14,439
2022-01-15,Saturday,0,Clear,R1,14,383
2022-01-16,Sunday,0,Clear,R1,13,292
2022-01-17,Monday,0,Clear,R1,14,359
2022-01-18,Tuesday,0,Clear,R1,18,468
2022-01-19,Wednesday,0,Clear,R1,15,388
2022-01-20,Thursday,0,Clear,R1,13,424
2022-01-21,Friday,0,Clear,R1,12,405
2022-01-22,Saturday,0,Clear,R1,14,374
2022-01-23,Sunday,0,Clear,R1,13,398
2022-01-24,Monday,0,Clear,R1,16,363
2022-01-25,Tuesday,0,Clear,R1,15,354
2022-01-26,Wednesday,0,Clear,R1,15,317
2022-01-27,Thursday,0,Clear,R1,15,362
2022-01-28,Friday,0,Clear,R1,14,340
2022-01-29,Saturday,0,Clear,R1,17,431
2022-01-30,Sunday,0,Clear,R1,17,350
2022-01-31,Monday,0,Clear,R1,13,416
2022-02-01,Tuesday,0,Clear,R1,12,388
2022-02-02,Wednesday,0,Clear,R1,11,277
2022-02-03,Thursday,0,Clear,R1,13,367
2022-02-04,Friday,0,Clear,R1,20,542
2022-02-05,Saturday,0,Clear,R1,12,360
2022-02-06,Sunday,0,Clear,R1,16,482
2022-02-07,Monday,0,Clear,R1,11,454
2022-02-08,Tuesday,0,Clear,R1,19,411
2022-02-09,Wednesday,0,Clear,R1,15,294
2022-02-10,Thursday,0,Clear,R1,14,276
2022-02-11,Friday,0,Clear,R1,17,363
2022-02-12,Saturday,0,Clear,R1,17,589
2022-02-13,Sunday,0,Clear,R1,15,431
2022-02-14,Monday,0,Clear,R1,19,273
2022-02-15,Tuesday,0,Clear,R1,16,396
2022-02-16,Wednesday,0,Clear,R1,15,391
2022-02-17,Thursday,0,Clear,R1,18,418
2022-02-18,Friday,0,Clear,R1,11,353
2022-02-19,Saturday,0,Clear,R1,12,361
2022-02-20,Sunday,0,Clear,R1,12,363
2022-02-21,Monday,0,Clear,R1,19,459
2022-02-22,Tuesday,0,Clear,R1,13,434
2022-02-23,Wednesday,0,Clear,R1,19,384
2022-02-24,Thursday,0,Clear,R1,17,288
2022-02-25,Friday,0,Clear,R1,18,511
2022-02-26,Saturday,0,Clear,R1,17,235
2022-02-27,Sunday,0,Clear,R1,15,361
2022-02-28,Monday,0,Clear,R1,12,374
2022-03-01,Tuesday,0,Clear,R1,10,339
2022-03-02,Wednesday,0,Clear,R1,15,342
2022-03-03,Thursday,0,Clear,R1,13,485
2022-03-04,Friday,0,Clear,R1,11,314
2022-03-05,Saturday,0,Clear,R1,9,428
2022-03-06,Sunday,0,Clear,R1,17,312
2022-03-07,Monday,0,Clear,R1,16,373
2022-03-08,Tuesday,0,Clear,R1,17,284
2022-03-09,Wednesday,0,Clear,R1,12,367
2022-03-10,Thursday,0,Clear,R1,13,330
2022-03-11,Friday,0,Clear,R1,14,460
2022-03-12,Saturday,0,Clear,R1,13,344
2022-03-13,Sunday,0,Clear,R1,11,225
2022-03-14,Monday,0,Clear,R1,14,312
2022-03-15,Tuesday,0,Clear,R1,20,383
2022-03-16,Wednesday,0,Clear,R1,13,310
2022-03-17,Thursday,0,Clear,R1,16,342
2022-03-18,Friday,0,Clear,R1,12,360
2022-03-19,Saturday,0,Clear,R1,13,370
2022-03-20,Sunday,0,Clear,R1,13,259
2022-03-21,Monday,0,Clear,R1,14,367
2022-03-22,Tuesday,0,Clear,R1,12,337
2022-03-23,Wednesday,0,Clear,R1,17,460
2022-03-24,Thursday,0,Clear,R1,20,406
2022-03-25,Friday,0,Clear,R1,13,397
2022-03-26,Saturday,0,Clear,R1,15,329
2022-03-27,Sunday,0,Clear,R1,19,395
2022-03-28,Monday,0,Clear,R1,17,470
2022-03-29,Tuesday,0,Clear,R1,14,348
2022-03-30,Wednesday,0,Clear,R1,12,310
2022-03-31,Thursday,0,Clear,R1,16,350
2022-04-01,Friday,0,Clear,R1,11,352
2022-04-02,Saturday,0,Clear,R1,14,256
2022-04-03,Sunday,0,Clear,R1,13,444
2022-04-04,Monday,0,Clear,R1,15,406
2022-04-05,Tuesday,0,Clear,R1,12,293
2022-04-06,Wednesday,0,Clear,R1,11,240
2022-04-07,Thursday,0,Clear,R1,13,390
2022-04-08,Friday,0,Clear,R1,15,323
2022-04-09,Saturday,0,Clear,R1,17,341
2022-04-10,Sunday,0,Clear,R1,13,341
2022-04-11,Monday,0,Clear,R1,13,319
2022-04-12,Tuesday,0,Clear,R1,17,310
2022-04-13,Wednesday,0,Clear,R1,13,428
2022-04-14,Thursday,0,Clear,R1,16,326
2022-04-15,Friday,0,Clear,R1,17,370
2022-04-16,Saturday,0,Clear,R1,12,296
2022-04-17,Sunday,0,Clear,R1,16,332
2022-04-18,Monday,0,Clear,R1,16,368
2022-04-19,Tuesday,0,Clear,R1,10,382
2022-04-20,Wednesday,0,Clear,R1,12,206
2022-04-21,Thursday,0,Clear,R1,19,348
2022-04-22,Friday,0,Clear,R1,15,356
2022-04-23,Saturday,0,Clear,R1,16,360
2022-04-24,Sunday,0,Clear,R1,22,405
2022-04-25,Monday,0,Clear,R1,18,436
2022-04-26,Tuesday,0,Clear,R1,15,307
2022-04-27,Wednesday,0,Clear,R1,12,362
2022-04-28,Thursday,0,Clear,R1,16,344
2022-04-29,Friday,0,Clear,R1,14,292
2022-04-30,Saturday,0,Clear,R1,19,451
2022-05-01,Sunday,0,Clear,R1,12,347
2022-05-02,Monday,0,Clear,R1,14,468
2022-05-03,Tuesday,0,Clear,R1,15,344
2022-05-04,Wednesday,0,Clear,R1,14,434
2022-05-05,Thursday,0,Clear,R1,14,476
2022-05-06,Friday,0,Clear,R1,14,299
2022-05-07,Saturday,0,Clear,R1,14,404
2022-05-08,Sunday,0,Clear,R1,12,327
2022-05-09,Monday,0,Clear,R1,17,379
2022-05-10,Tuesday,0,Clear,R1,16,408
2022-05-11,Wednesday,0,Clear,R1,15,340
2022-05-12,Thursday,0,Clear,R1,12,269
2022-05-13,Friday,0,Clear,R1,13,351
2022-05-14,Saturday,0,Clear,R1,17,283
2022-05-15,Sunday,0,Clear,R1,16,417
2022-05-16,Monday,0,Clear,R1,14,312
2022-05-17,Tuesday,0,Clear,R1,14,366
2022-05-18,Wednesday,0,Clear,R1,19,268
2022-05-19,Thursday,0,Clear,R1,13,352
2022-05-20,Friday,0,Clear,R1,10,317
2022-05-21,Saturday,0,Clear,R1,16,500
2022-05-22,Sunday,0,Clear,R1,13,255
2022-05-23,Monday,0,Clear,R1,14,401
2022-05-24,Tuesday,0,Clear,R1,17,415
2022-05-25,Wednesday,0,Clear,R1,16,402
2022-05-26,Thursday,0,Clear,R1,14,415
2022-05-27,Friday,0,Clear,R1,18,298
2022-05-28,Saturday,0,Clear,R1,12,474
2022-05-29,Sunday,0,Clear,R1,10,498
2022-05-30,Monday,0,Clear,R1,15,330
2022-05-31,Tuesday,0,Clear,R1,14,322
2022-06-01,Wednesday,0,Clear,R1,15,395
2022-06-02,Thursday,0,Clear,R1,13,283
2022-06-03,Friday,0,Clear,R1,13,332
2022-06-04,Saturday,0,Clear,R1,14,326
2022-06-05,Sunday,0,Clear,R1,13,384
2022-06-06,Monday,0,Clear,R1,18,441
2022-06-07,Tuesday,0,Clear,R1,15,290
2022-06-08,Wednesday,0,Clear,R1,17,314
2022-06-09,Thursday,0,Clear,R1,14,456
2022-06-10,Friday,0,Clear,R1,13,314
2022-06-11,Saturday,0,Clear,R1,14,368
2022-06-12,Sunday,0,Clear,R1,12,358
2022-06-13,Monday,0,Clear,R1,10,320
2022-06-14,Tuesday,0,Clear,R1,13,376
2022-06-15,Wednesday,0,Clear,R1,10,393
2022-06-16,Thursday,0,Clear,R1,14,458
2022-06-17,Friday,0,Clear,R1,11,374
2022-06-18,Saturday,0,Clear,R1,11,345
2022-06-19,Sunday,0,Clear,R1,15,373
2022-06-20,Monday,0,Clear,R1,14,392
2022-06-21,Tuesday,0,Clear,R1,16,368
2022-06-22,Wednesday,0,Clear,R1,15,367
2022-06-23,Thursday,0,Clear,R1,13,258
2022-06-24,Friday,0,Clear,R1,14,299
2022-06-25,Saturday,0,Clear,R1,14,418
2022-06-26,Sunday,0,Clear,R1,12,268
2022-06-27,Monday,0,Clear,R1,11,263
2022-06-28,Tuesday,0,Clear,R1,8,357
2022-06-29,Wednesday,0,Clear,R1,16,261
2022-06-30,Thursday,0,Clear,R1,18,376
2022-07-01,Friday,0,Clear,R1,13,495
2022-07-02,Saturday,0,Clear,R1,11,380
2022-07-03,Sunday,0,Clear,R1,11,292
2022-07-04,Monday,0,Clear,R1,11,297
2022-07-05,Tuesday,0,Clear,R1,14,250
2022-07-06,Wednesday,0,Clear,R1,15,401
2022-07-07,Thursday,0,Clear,R1,10,333
2022-07-08,Friday,0,Clear,R1,16,345
2022-07-09,Saturday,0,Clear,R1,13,393
2022-07-10,Sunday,0,Clear,R1,14,367
2022-07-11,Monday,0,Clear,R1,13,350
2022-07-12,Tuesday,0,Clear,R1,18,372
2022-07-13,Wednesday,0,Clear,R1,13,289
2022-07-14,Thursday,0,Clear,R1,15,263
2022-07-15,Friday,0,Clear,R1,12,310
2022-07-16,Saturday,0,Clear,R1,19,262
2022-07-17,Sunday,0,Clear,R1,14,384
2022-07-18,Monday,0,Clear,R1,13,370
2022-07-19,Tuesday,0,Clear,R1,16,372
2022-07-20,Wednesday,0,Clear,R1,18,351
2022-07-21,Thursday,0,Clear,R1,16,395
2022-07-22,Friday,0,Clear,R1,14,389
2022-07-23,Saturday,0,Clear,R1,13,359
2022-07-24,Sunday,0,Clear,R1,20,490
2022-07-25,Monday,0,Clear,R1,14,281
2022-07-26,Tuesday,0,Clear,R1,12,372
2022-07-27,Wednesday,0,Clear,R1,17,326
2022-07-28,Thursday,0,Clear,R1,15,324
2022-07-29,Friday,0,Clear,R1,15,334
2022-07-30,Saturday,0,Clear,R1,10,356
2022-07-31,Sunday,0,Clear,R1,11,280
2022-08-01,Monday,0,Clear,R1,15,331
2022-08-02,Tuesday,0,Clear,R1,15,388
2022-08-03,Wednesday,0,Clear,R1,13,202
2022-08-04,Thursday,0,Clear,R1,18,318
2022-08-05,Friday,0,Clear,R1,19,514
2022-08-06,Saturday,0,Clear,R1,17,339
2022-08-07,Sunday,0,Clear,R1,20,458
2022-08-08,Monday,0,Clear,R1,15,444
2022-08-09,Tuesday,0,Clear,R1,14,436
2022-08-10,Wednesday,0,Clear,R1,19,390
2022-08-11,Thursday,0,Clear,R1,19,350
2022-08-12,Friday,0,Clear,R1,13,343
2022-08-13,Saturday,0,Clear,R1,12,252
2022-08-14,Sunday,0,Clear,R1,15,312
2022-08-15,Monday,0,Clear,R1,14,313
2022-08-16,Tuesday,0,Clear,R1,14,377
2022-08-17,Wednesday,0,Clear,R1,11,373
2022-08-18,Thursday,0,Clear,R1,13,307
2022-08-19,Friday,0,Clear,R1,14,454
2022-08-20,Saturday,0,Clear,R1,21,353
2022-08-21,Sunday,0,Clear,R1,16,316
2022-08-22,Monday,0,Clear,R1,13,330
2022-08-23,Tuesday,0,Clear,R1,13,349
2022-08-24,Wednesday,0,Clear,R1,18,422
2022-08-25,Thursday,0,Clear,R1,16,482
2022-08-26,Friday,0,Clear,R1,15,333
2022-08-27,Saturday,0,Clear,R1,17,385
2022-08-28,Sunday,0,Clear,R1,15,343
2022-08-29,Monday,0,Clear,R1,12,364
2022-08-30,Tuesday,0,Clear,R1,14,222
2022-08-31,Wednesday,0,Clear,R1,18,405
2022-09-01,Thursday,0,Clear,R1,13,350
2022-09-02,Friday,0,Clear,R1,12,387
2022-09-03,Saturday,0,Clear,R1,14,229
2022-09-04,Sunday,0,Clear,R1,14,395
2022-09-05,Monday,0,Clear,R1,17,418
2022-09-06,Tuesday,0,Clear,R1,15,326
2022-09-07,Wednesday,0,Clear,R1,11,278
2022-09-08,Thursday,0,Clear,R1,17,429
2022-09-09,Friday,0,Clear,R1,14,338
2022-09-10,Saturday,0,Clear,R1,13,305
2022-09-11,Sunday,0,Clear,R1,17,507
2022-09-12,Monday,0,Clear,R1,15,333
2022-09-13,Tuesday,0,Clear,R1,18,319
2022-09-14,Wednesday,0,Clear,R1,15,301
2022-09-15,Thursday,0,Clear,R1,15,321
2022-09-16,Friday,0,Clear,R1,15,360
2022-09-17,Saturday,0,Clear,R1,16,341
2022-09-18,Sunday,0,Clear,R1,14,347
2022-09-19,Monday,0,Clear,R1,14,339
2022-09-20,Tuesday,0,Clear,R1,14,347
2022-09-21,Wednesday,0,Clear,R1,16,412
2022-09-22,Thursday,0,Clear,R1,11,263
2022-09-23,Friday,0,Clear,R1,16,310
2022-09-24,Saturday,0,Clear,R1,16,465
2022-09-25,Sunday,0,Clear,R1,16,373
2022-09-26,Monday,0,Clear,R1,16,317
2022-09-27,Tuesday,0,Clear,R1,19,442
2022-09-28,Wednesday,0,Clear,R1,12,317
2022-09-29,Thursday,0,Clear,R1,12,273
2022-09-30,Friday,0,Clear,R1,13,316
2022-10-01,Saturday,0,Clear,R1,12,364
2022-10-02,Sunday,0,Clear,R1,21,413
2022-10-03,Monday,0,Clear,R1,13,305
2022-10-04,Tuesday,0,Clear,R1,12,342
2022-10-05,Wednesday,0,Clear,R1,11,372
2022-10-06,Thursday,0,Clear,R1,15,373
2022-10-07,Friday,0,Clear,R1,17,360
2022-10-08,Saturday,0,Clear,R1,14,271
2022-10-09,Sunday,0,Clear,R1,10,286
2022-10-10,Monday,0,Clear,R1,17,441
2022-10-11,Tuesday,0,Clear,R1,17,274
2022-10-12,Wednesday,0,Clear,R1,18,240
2022-10-13,Thursday,0,Clear,R1,17,368
2022-10-14,Friday,0,Clear,R1,15,413
2022-10-15,Saturday,0,Clear,R1,9,339
2022-10-16,Sunday,0,Clear,R1,10,342
2022-10-17,Monday,0,Clear,R1,11,352
2022-10-18,Tuesday,0,Clear,R1,15,367
2022-10-19,Wednesday,0,Clear,R1,15,268
2022-10-20,Thursday,0,Clear,R1,16,358
2022-10-21,Friday,0,Clear,R1,10,364
2022-10-22,Saturday,0,Clear,R1,19,311
2022-10-23,Sunday,0,Clear,R1,12,402
2022-10-24,Monday,0,Clear,R1,17,426
2022-10-25,Tuesday,0,Clear,R1,15,287
2022-10-26,Wednesday,0,Clear,R1,16,405
2022-10-27,Thursday,0,Clear,R1,17,347
2022-10-28,Friday,0,Clear,R1,18,451
2022-10-29,Saturday,0,Clear,R1,15,526
2022-10-30,Sunday,0,Clear,R1,14,244
2022-10-31,Monday,0,Clear,R1,12,330
2022-11-01,Tuesday,0,Clear,R1,15,430
2022-11-02,Wednesday,0,Clear,R1,14,350
2022-11-03,Thursday,0,Clear,R1,13,419
2022-11-04,Friday,0,Clear,R1,12,330
2022-11-05,Saturday,0,Clear,R1,12,459
2022-11-06,Sunday,0,Clear,R1,14,482
2022-11-07,Monday,0,Clear,R1,14,292
2022-11-08,Tuesday,0,Clear,R1,19,426
2022-11-09,Wednesday,0,Clear,R1,11,400
2022-11-10,Thursday,0,Clear,R1,12,334
2022-11-11,Friday,0,Clear,R1,13,415
2022-11-12,Saturday,0,Clear,R1,18,341
2022-11-13,Sunday,0,Clear,R1,17,439
2022-11-14,Monday,0,Clear,R1,16,390
2022-11-15,Tuesday,0,Clear,R1,15,466
2022-11-16,Wednesday,0,Clear,R1,15,288
2022-11-17,Thursday,0,Clear,R1,12,442
2022-11-18,Friday,0,Clear,R1,14,348
2022-11-19,Saturday,0,Clear,R1,11,286
2022-11-20,Sunday,0,Clear,R1,17,332
2022-11-21,Monday,0,Clear,R1,18,546
2022-11-22,Tuesday,0,Clear,R1,16,368
2022-11-23,Wednesday,0,Clear,R1,13,289
2022-11-24,Thursday,0,Clear,R1,14,471
2022-11-25,Friday,0,Clear,R1,19,351
2022-11-26,Saturday,0,Clear,R1,12,366
2022-11-27,Sunday,0,Clear,R1,10,388
2022-11-28,Monday,0,Clear,R1,14,482
2022-11-29,Tuesday,0,Clear,R1,17,423
2022-11-30,Wednesday,0,Clear,R1,15,480
2022-12-01,Thursday,0,Clear,R1,13,347
2022-12-02,Friday,0,Clear,R1,13,485
2022-12-03,Saturday,0,Clear,R1,17,347
2022-12-04,Sunday,0,Clear,R1,20,518
2022-12-05,Monday,0,Clear,R1,16,407
2022-12-06,Tuesday,0,Clear,R1,16,306
2022-12-07,Wednesday,0,Clear,R1,13,263
2022-12-08,Thursday,0,Clear,R1,16,418
2022-12-09,Friday,0,Clear,R1,12,328
2022-12-10,Saturday,0,Clear,R1,13,169
2022-12-11,Sunday,0,Clear,R1,17,325
2022-12-12,Monday,0,Clear,R1,13,263
2022-12-13,Tuesday,0,Clear,R1,13,365
2022-12-14,Wednesday,0,Clear,R1,16,478
2022-12-15,Thursday,0,Clear,R1,12,294
2022-12-16,Friday,0,Clear,R1,12,365
2022-12-17,Saturday,0,Clear,R1,12,257
2022-12-18,Sunday,0,Clear,R1,13,315
2022-12-19,Monday,0,Clear,R1,14,329
2022-12-20,Tuesday,0,Clear,R1,14,387
2022-12-21,Wednesday,0,Clear,R1,16,431
2022-12-22,Thursday,0,Clear,R1,18,472
2022-12-23,Friday,0,Clear,R1,20,380
2022-12-24,Saturday,0,Clear,R1,12,381
2022-12-25,Sunday,1,Clear,R1,13,360
2022-12-26,Monday,0,Clear,R1,14,305
2022-12-27,Tuesday,0,Clear,R1,11,334
2022-12-28,Wednesday,0,Clear,R1,16,356
2022-12-29,Thursday,0,Clear,R1,9,356
2022-12-30,Friday,0,Clear,R1,16,342
2022-12-31,Saturday,0,Clear,R1,16,359
2023-01-01,Sunday,0,Clear,R1,13,319
2023-01-02,Monday,0,Clear,R1,20,430
2023-01-03,Tuesday,0,Clear,R1,15,361
2023-01-04,Wednesday,0,Clear,R1,13,363
2023-01-05,Thursday,0,Clear,R1,10,332
2023-01-06,Friday,0,Clear,R1,12,335
2023-01-07,Saturday,0,Clear,R1,14,323
2023-01-08,Sunday,0,Clear,R1,17,412
2023-01-09,Monday,0,Clear,R1,16,428
2023-01-10,Tuesday,0,Clear,R1,15,472
2023-01-11,Wednesday,0,Clear,R1,13,313
2023-01-12,Thursday,0,Clear,R1,12,447
2023-01-13,Friday,0,Clear,R1,13,442
2023-01-14,Saturday,0,Clear,R1,16,333
2023-01-15,Sunday,0,Clear,R1,19,448
2023-01-16,Monday,0,Clear,R1,18,435
2023-01-17,Tuesday,0,Clear,R1,16,399
2023-01-18,Wednesday,0,Clear,R1,16,317
2023-01-19,Thursday,0,Clear,R1,14,411
2023-01-20,Friday,0,Clear,R1,14,418
2023-01-21,Saturday,0,Clear,R1,18,368
2023-01-22,Sunday,0,Clear,R1,12,335
2023-01-23,Monday,0,Clear,R1,15,301
2023-01-24,Tuesday,0,Clear,R1,15,380
2023-01-25,Wednesday,0,Clear,R1,19,360
2023-01-26,Thursday,0,Clear,R1,17,347
2023-01-27,Friday,0,Clear,R1,13,366
2023-01-28,Saturday,0,Clear,R1,14,402
2023-01-29,Sunday,0,Clear,R1,15,308
2023-01-30,Monday,0,Clear,R1,13,421
2023-01-31,Tuesday,0,Clear,R1,14,416
2023-02-01,Wednesday,0,Clear,R1,14,281
2023-02-02,Thursday,0,Clear,R1,15,308
2023-02-03,Friday,0,Clear,R1,12,284
2023-02-04,Saturday,0,Clear,R1,20,378
2023-02-05,Sunday,0,Clear,R1,15,310
2023-02-06,Monday,0,Clear,R1,17,475
2023-02-07,Tuesday,0,Clear,R1,15,303
2023-02-08,Wednesday,0,Clear,R1,13,288
2023-02-09,Thursday,0,Clear,R1,9,361
2023-02-10,Friday,0,Clear,R1,14,391
2023-02-11,Saturday,0,Clear,R1,18,445
2023-02-12,Sunday,0,Clear,R1,16,315
2023-02-13,Monday,0,Clear,R1,15,397
2023-02-14,Tuesday,0,Clear,R1,19,280
2023-02-15,Wednesday,0,Clear,R1,14,307
2023-02-16,Thursday,0,Clear,R1,14,368
2023-02-17,Friday,0,Clear,R1,17,371
2023-02-18,Saturday,0,Clear,R1,15,358
2023-02-19,Sunday,0,Clear,R1,15,319
2023-02-20,Monday,0,Clear,R1,16,379
2023-02-21,Tuesday,0,Clear,R1,14,346
2023-02-22,Wednesday,0,Clear,R1,17,357
2023-02-23,Thursday,0,Clear,R1,14,412
2023-02-24,Friday,0,Clear,R1,15,258
2023-02-25,Saturday,0,Clear,R1,13,356
2023-02-26,Sunday,0,Clear,R1,18,373
2023-02-27,Monday,0,Clear,R1,17,383
2023-02-28,Tuesday,0,Clear,R1,15,414
2023-03-01,Wednesday,0,Clear,R1,17,370
2023-03-02,Thursday,0,Clear,R1,15,313
2023-03-03,Friday,0,Clear,R1,17,377
2023-03-04,Saturday,0,Clear,R1,13,288
2023-03-05,Sunday,0,Clear,R1,13,263
2023-03-06,Monday,0,Clear,R1,13,335
2023-03-07,Tuesday,0,Clear,R1,16,267
2023-03-08,Wednesday,0,Clear,R1,14,375
2023-03-09,Thursday,0,Clear,R1,11,376
2023-03-10,Friday,0,Clear,R1,17,392
2023-03-11,Saturday,0,Clear,R1,14,406
2023-03-12,Sunday,0,Clear,R1,16,297
2023-03-13,Monday,0,Clear,R1,12,350
2023-03-14,Tuesday,0,Clear,R1,15,430
2023-03-15,Wednesday,0,Clear,R1,10,284
2023-03-16,Thursday,0,Clear,R1,16,333
2023-03-17,Friday,0,Clear,R1,13,359
2023-03-18,Saturday,0,Clear,R1,11,390
2023-03-19,Sunday,0,Clear,R1,15,452
2023-03-20,Monday,0,Clear,R1,14,373
2023-03-21,Tuesday,0,Clear,R1,15,230
2023-03-22,Wednesday,0,Clear,R1,18,316
2023-03-23,Thursday,0,Clear,R1,17,321
2023-03-24,Friday,0,Clear,R1,17,363
2023-03-25,Saturday,0,Clear,R1,12,374
2023-03-26,Sunday,0,Clear,R1,17,345
2023-03-27,Monday,0,Clear,R1,12,271
2023-03-28,Tuesday,0,Clear,R1,11,362
2023-03-29,Wednesday,0,Clear,R1,19,395
2023-03-30,Thursday,0,Clear,R1,15,367
2023-03-31,Friday,0,Clear,R1,15,464
2023-04-01,Saturday,0,Clear,R1,14,340
2023-04-02,Sunday,0,Clear,R1,12,331
2023-04-03,Monday,0,Clear,R1,13,420
2023-04-04,Tuesday,0,Clear,R1,15,432
2023-04-05,Wednesday,0,Clear,R1,15,416
2023-04-06,Thursday,0,Clear,R1,12,339
2023-04-07,Friday,0,Clear,R1,12,345
2023-04-08,Saturday,0,Clear,R1,21,397
2023-04-09,Sunday,0,Clear,R1,11,398
2023-04-10,Monday,0,Clear,R1,13,282
2023-04-11,Tuesday,0,Clear,R1,15,340
2023-04-12,Wednesday,0,Clear,R1,17,398
2023-04-13,Thursday,0,Clear,R1,16,298
2023-04-14,Friday,0,Clear,R1,17,385
2023-04-15,Saturday,0,Clear,R1,16,360
2023-04-16,Sunday,0,Clear,R1,20,431
2023-04-17,Monday,0,Clear,R1,12,355
2023-04-18,Tuesday,0,Clear,R1,11,331
2023-04-19,Wednesday,0,Clear,R1,15,288
2023-04-20,Thursday,0,Clear,R1,14,262
2023-04-21,Friday,0,Clear,R1,16,396
2023-04-22,Saturday,0,Clear,R1,18,359
2023-04-23,Sunday,0,Clear,R1,16,387
2023-04-24,Monday,0,Clear,R1,13,237
2023-04-25,Tuesday,0,Clear,R1,17,323
2023-04-26,Wednesday,0,Clear,R1,18,504
2023-04-27,Thursday,0,Clear,R1,16,366
2023-04-28,Friday,0,Clear,R1,12,381
2023-04-29,Saturday,0,Clear,R1,12,365
2023-04-30,Sunday,0,Clear,R1,13,384
2023-05-01,Monday,0,Clear,R1,15,477
2023-05-02,Tuesday,0,Clear,R1,12,281
2023-05-03,Wednesday,0,Clear,R1,16,397
2023-05-04,Thursday,0,Clear,R1,13,337
2023-05-05,Friday,0,Clear,R1,12,333
2023-05-06,Saturday,0,Clear,R1,16,399
2023-05-07,Sunday,0,Clear,R1,12,307
2023-05-08,Monday,0,Clear,R1,15,384
2023-05-09,Tuesday,0,Clear,R1,8,376
2023-05-10,Wednesday,0,Clear,R1,14,511
2023-05-11,Thursday,0,Clear,R1,18,326
2023-05-12,Friday,0,Clear,R1,14,416
2023-05-13,Saturday,0,Clear,R1,13,354
2023-05-14,Sunday,0,Clear,R1,17,422
2023-05-15,Monday,0,Clear,R1,15,319
2023-05-16,Tuesday,0,Clear,R1,17,220
2023-05-17,Wednesday,0,Clear,R1,10,395
2023-05-18,Thursday,0,Clear,R1,11,266
2023-05-19,Friday,0,Clear,R1,15,433
2023-05-20,Saturday,0,Clear,R1,15,291
2023-05-21,Sunday,0,Clear,R1,16,381
2023-05-22,Monday,0,Clear,R1,12,437
2023-05-23,Tuesday,0,Clear,R1,17,371
2023-05-24,Wednesday,0,Clear,R1,15,333
2023-05-25,Thursday,0,Clear,R1,17,379
2023-05-26,Friday,0,Clear,R1,15,396
2023-05-27,Saturday,0,Clear,R1,15,402
2023-05-28,Sunday,0,Clear,R1,12,337
2023-05-29,Monday,0,Clear,R1,16,376
2023-05-30,Tuesday,0,Clear,R1,11,356
2023-05-31,Wednesday,0,Clear,R1,14,310
2023-06-01,Thursday,0,Clear,R1,12,424
2023-06-02,Friday,0,Clear,R1,12,444
2023-06-03,Saturday,0,Clear,R1,18,370
2023-06-04,Sunday,0,Clear,R1,14,330
2023-06-05,Monday,0,Clear,R1,16,438
2023-06-06,Tuesday,0,Clear,R1,12,413
2023-06-07,Wednesday,0,Clear,R1,14,287
2023-06-08,Thursday,0,Clear,R1,18,429
2023-06-09,Friday,0,Clear,R1,17,452
2023-06-10,Saturday,0,Clear,R1,11,431
2023-06-11,Sunday,0,Clear,R1,11,202
2023-06-12,Monday,0,Clear,R1,14,297
2023-06-13,Tuesday,0,Clear,R1,16,388
2023-06-14,Wednesday,0,Clear,R1,12,361
2023-06-15,Thursday,0,Clear,R1,18,447
2023-06-16,Friday,0,Clear,R1,16,372
2023-06-17,Saturday,0,Clear,R1,15,429
2023-06-18,Sunday,0,Clear,R1,15,340
2023-06-19,Monday,0,Clear,R1,13,277
2023-06-20,Tuesday,0,Clear,R1,15,408
2023-06-21,Wednesday,0,Clear,R1,16,370
2023-06-22,Thursday,0,Clear,R1,15,382
2023-06-23,Friday,0,Clear,R1,11,442
2023-06-24,Saturday,0,Clear,R1,17,338
2023-06-25,Sunday,0,Clear,R1,14,263
2023-06-26,Monday,0,Clear,R1,13,415
2023-06-27,Tuesday,0,Clear,R1,15,309
2023-06-28,Wednesday,0,Clear,R1,17,301
2023-06-29,Thursday,0,Clear,R1,14,405
2023-06-30,Friday,0,Clear,R1,11,250
2023-07-01,Saturday,0,Clear,R1,14,369
2023-07-02,Sunday,0,Clear,R1,17,378
2023-07-03,Monday,0,Clear,R1,9,392
2023-07-04,Tuesday,0,Clear,R1,14,354
2023-07-05,Wednesday,0,Clear,R1,14,419
2023-07-06,Thursday,0,Clear,R1,12,332
2023-07-07,Friday,0,Clear,R1,11,400
2023-07-08,Saturday,0,Clear,R1,16,424
2023-07-09,Sunday,0,Clear,R1,14,388
2023-07-10,Monday,0,Clear,R1,16,339
2023-07-11,Tuesday,0,Clear,R1,17,377
2023-07-12,Wednesday,0,Clear,R1,14,294
2023-07-13,Thursday,0,Clear,R1,16,287
2023-07-14,Friday,0,Clear,R1,11,293
2023-07-15,Saturday,0,Clear,R1,11,408
2023-07-16,Sunday,0,Clear,R1,13,433
2023-07-17,Monday,0,Clear,R1,20,411
2023-07-18,Tuesday,0,Clear,R1,14,228
2023-07-19,Wednesday,0,Clear,R1,14,370
2023-07-20,Thursday,0,Clear,R1,14,364
2023-07-21,Friday,0,Clear,R1,17,343
2023-07-22,Saturday,0,Clear,R1,15,353
2023-07-23,Sunday,0,Clear,R1,12,415
2023-07-24,Monday,0,Clear,R1,17,403
2023-07-25,Tuesday,0,Clear,R1,13,351
2023-07-26,Wednesday,0,Clear,R1,9,394
2023-07-27,Thursday,0,Clear,R1,18,325
2023-07-28,Friday,0,Clear,R1,14,287
2023-07-29,Saturday,0,Clear,R1,17,440
2023-07-30,Sunday,0,Clear,R1,18,368
2023-07-31,Monday,0,Clear,R1,10,397
2023-08-01,Tuesday,0,Clear,R1,13,330
2023-08-02,Wednesday,0,Clear,R1,18,421
2023-08-03,Thursday,0,Clear,R1,18,431
2023-08-04,Friday,0,Clear,R1,18,409
2023-08-05,Saturday,0,Clear,R1,13,358
2023-08-06,Sunday,0,Clear,R1,11,280
2023-08-07,Monday,0,Clear,R1,12,312
2023-08-08,Tuesday,0,Clear,R1,13,345
2023-08-09,Wednesday,0,Clear,R1,16,337
2023-08-10,Thursday,0,Clear,R1,17,252
2023-08-11,Friday,0,Clear,R1,16,260
2023-08-12,Saturday,0,Clear,R1,16,320
2023-08-13,Sunday,0,Clear,R1,14,309
2023-08-14,Monday,0,Clear,R1,9,365
2023-08-15,Tuesday,0,Clear,R1,15,302
2023-08-16,Wednesday,0,Clear,R1,13,298
2023-08-17,Thursday,0,Clear,R1,16,347
2023-08-18,Friday,0,Clear,R1,15,376
2023-08-19,Saturday,0,Clear,R1,12,456
2023-08-20,Sunday,0,Clear,R1,14,220
2023-08-21,Monday,0,Clear,R1,14,277
2023-08-22,Tuesday,0,Clear,R1,17,412
2023-08-23,Wednesday,0,Clear,R1,13,393
2023-08-24,Thursday,0,Clear,R1,12,357
2023-08-25,Friday,0,Clear,R1,14,360
2023-08-26,Saturday,0,Clear,R1,12,327
2023-08-27,Sunday,0,Clear,R1,14,332
2023-08-28,Monday,0,Clear,R1,12,450
2023-08-29,Tuesday,0,Clear,R1,12,447
2023-08-30,Wednesday,0,Clear,R1,14,366
2023-08-31,Thursday,0,Clear,R1,16,213
2023-09-01,Friday,0,Clear,R1,18,339
2023-09-02,Saturday,0,Clear,R1,18,343
2023-09-03,Sunday,0,Clear,R1,16,410
2023-09-04,Monday,0,Clear,R1,12,357
2023-09-05,Tuesday,0,Clear,R1,12,291
2023-09-06,Wednesday,0,Clear,R1,17,393
2023-09-07,Thursday,0,Clear,R1,14,394
2023-09-08,Friday,0,Clear,R1,11,339
2023-09-09,Saturday,0,Clear,R1,14,366
2023-09-10,Sunday,0,Clear,R1,9,423
2023-09-11,Monday,0,Clear,R1,19,205
2023-09-12,Tuesday,0,Clear,R1,13,400
2023-09-13,Wednesday,0,Clear,R1,11,325
2023-09-14,Thursday,0,Clear,R1,14,337
2023-09-15,Friday,0,Clear,R1,16,317
2023-09-16,Saturday,0,Clear,R1,13,315
2023-09-17,Sunday,0,Clear,R1,16,406
2023-09-18,Monday,0,Clear,R1,16,352
2023-09-19,Tuesday,0,Clear,R1,9,405
2023-09-20,Wednesday,0,Clear,R1,16,363
2023-09-21,Thursday,0,Clear,R1,16,360
2023-09-22,Friday,0,Clear,R1,14,380
2023-09-23,Saturday,0,Clear,R1,14,256
2023-09-24,Sunday,0,Clear,R1,11,381
2023-09-25,Monday,0,Clear,R1,17,333
2023-09-26,Tuesday,0,Clear,R1,14,434
2023-09-27,Wednesday,0,Clear,R1,19,372
2023-09-28,Thursday,0,Clear,R1,14,380
2023-09-29,Friday,0,Clear,R1,13,369
2023-09-30,Saturday,0,Clear,R1,15,282
2023-10-01,Sunday,0,Clear,R1,14,335
2023-10-02,Monday,0,Clear,R1,15,272
2023-10-03,Tuesday,0,Clear,R1,16,302
2023-10-04,Wednesday,0,Clear,R1,13,332
2023-10-05,Thursday,0,Clear,R1,12,318
2023-10-06,Friday,0,Clear,R1,13,360
2023-10-07,Saturday,0,Clear,R1,14,369
2023-10-08,Sunday,0,Clear,R1,17,288
2023-10-09,Monday,0,Clear,R1,12,314
2023-10-10,Tuesday,0,Clear,R1,10,325
2023-10-11,Wednesday,0,Clear,R1,12,282
2023-10-12,Thursday,0,Clear,R1,14,260
2023-10-13,Friday,0,Clear,R1,14,307
2023-10-14,Saturday,0,Clear,R1,17,378
2023-10-15,Sunday,0,Clear,R1,12,206
2023-10-16,Monday,0,Clear,R1,13,261
2023-10-17,Tuesday,0,Clear,R1,16,341
2023-10-18,Wednesday,0,Clear,R1,9,343
2023-10-19,Thursday,0,Clear,R1,14,396
2023-10-20,Friday,0,Clear,R1,17,296
2023-10-21,Saturday,0,Clear,R1,14,426
2023-10-22,Sunday,0,Clear,R1,18,246
2023-10-23,Monday,0,Clear,R1,13,339
2023-10-24,Tuesday,0,Clear,R1,16,417
2023-10-25,Wednesday,0,Clear,R1,15,338
2023-10-26,Thursday,0,Clear,R1,12,415
2023-10-27,Friday,0,Clear,R1,13,264
2023-10-28,Saturday,0,Clear,R1,12,265
2023-10-29,Sunday,0,Clear,R1,12,429
2023-10-30,Monday,0,Clear,R1,14,375
2023-10-31,Tuesday,0,Clear,R1,13,386
2023-11-01,Wednesday,0,Clear,R1,12,382
2023-11-02,Thursday,0,Clear,R1,10,305
2023-11-03,Friday,0,Clear,R1,11,396
2023-11-04,Saturday,0,Clear,R1,11,289
2023-11-05,Sunday,0,Clear,R1,14,374
2023-11-06,Monday,0,Clear,R1,17,385
2023-11-07,Tuesday,0,Clear,R1,15,424
2023-11-08,Wednesday,0,Clear,R1,17,454
2023-11-09,Thursday,0,Clear,R1,17,201
2023-11-10,Friday,0,Clear,R1,11,298
2023-11-11,Saturday,0,Clear,R1,14,305
2023-11-12,Sunday,0,Clear,R1,18,427
2023-11-13,Monday,0,Clear,R1,14,388
2023-11-14,Tuesday,0,Clear,R1,11,350
2023-11-15,Wednesday,0,Clear,R1,17,508
2023-11-16,Thursday,0,Clear,R1,18,356
2023-11-17,Friday,0,Clear,R1,16,305
2023-11-18,Saturday,0,Clear,R1,15,228
2023-11-19,Sunday,0,Clear,R1,12,460
2023-11-20,Monday,0,Clear,R1,12,355
2023-11-21,Tuesday,0,Clear,R1,14,315
2023-11-22,Wednesday,0,Clear,R1,17,281
2023-11-23,Thursday,0,Clear,R1,17,449
2023-11-24,Friday,0,Clear,R1,13,333
2023-11-25,Saturday,0,Clear,R1,18,412
2023-11-26,Sunday,0,Clear,R1,16,320
2023-11-27,Monday,0,Clear,R1,14,382
2023-11-28,Tuesday,0,Clear,R1,15,356
2023-11-29,Wednesday,0,Clear,R1,15,449
2023-11-30,Thursday,0,Clear,R1,14,312
2023-12-01,Friday,0,Clear,R1,14,385
2023-12-02,Saturday,0,Clear,R1,15,245
2023-12-03,Sunday,0,Clear,R1,11,414
2023-12-04,Monday,0,Clear,R1,12,367
2023-12-05,Tuesday,0,Clear,R1,12,296
2023-12-06,Wednesday,0,Clear,R1,15,306
2023-12-07,Thursday,0,Clear,R1,14,373
2023-12-08,Friday,0,Clear,R1,18,343
2023-12-09,Saturday,0,Clear,R1,13,409
2023-12-10,Sunday,0,Clear,R1,15,435
2023-12-11,Monday,0,Clear,R1,10,275
2023-12-12,Tuesday,0,Clear,R1,19,390
2023-12-13,Wednesday,0,Clear,R1,12,289
2023-12-14,Thursday,0,Clear,R1,17,276
2023-12-15,Friday,0,Clear,R1,16,328
2023-12-16,Saturday,0,Clear,R1,15,392
2023-12-17,Sunday,0,Clear,R1,15,326
2023-12-18,Monday,0,Clear,R1,10,328
2023-12-19,Tuesday,0,Clear,R1,10,307
2023-12-20,Wednesday,0,Clear,R1,14,279
2023-12-21,Thursday,0,Clear,R1,12,312
2023-12-22,Friday,0,Clear,R1,12,399
2023-12-23,Saturday,0,Clear,R1,15,399
2023-12-24,Sunday,0,Clear,R1,18,375
2023-12-25,Monday,1,Clear,R1,20,346
2023-12-26,Tuesday,0,Clear,R1,15,383
2023-12-27,Wednesday,0,Clear,R1,13,307
2023-12-28,Thursday,0,Clear,R1,17,359
2023-12-29,Friday,0,Clear,R1,16,447
2023-12-30,Saturday,0,Clear,R1,17,308
2023-12-31,Sunday,0,Clear,R1,11,412
2024-01-01,Monday,0,Clear,R1,16,517
2024-01-02,Tuesday,0,Clear,R1,18,438
2024-01-03,Wednesday,0,Clear,R1,13,294
2024-01-04,Thursday,0,Clear,R1,13,408
2024-01-05,Friday,0,Clear,R1,9,316
2024-01-06,Saturday,0,Clear,R1,14,366
2024-01-07,Sunday,0,Clear,R1,9,254
2024-01-08,Monday,0,Clear,R1,15,415
2024-01-09,Tuesday,0,Clear,R1,17,298
2024-01-10,Wednesday,0,Clear,R1,16,495
2024-01-11,Thursday,0,Clear,R1,15,256
2024-01-12,Friday,0,Clear,R1,20,502
2024-01-13,Saturday,0,Clear,R1,12,369
2024-01-14,Sunday,0,Clear,R1,16,278
2024-01-15,Monday,0,Clear,R1,13,268
2024-01-16,Tuesday,0,Clear,R1,15,339
2024-01-17,Wednesday,0,Clear,R1,17,456
2024-01-18,Thursday,0,Clear,R1,15,352
2024-01-19,Friday,0,Clear,R1,13,414
2024-01-20,Saturday,0,Clear,R1,11,278
2024-01-21,Sunday,0,Clear,R1,15,380
2024-01-22,Monday,0,Clear,R1,11,216
2024-01-23,Tuesday,0,Clear,R1,17,394
2024-01-24,Wednesday,0,Clear,R1,15,270
2024-01-25,Thursday,0,Clear,R1,15,401
2024-01-26,Friday,0,Clear,R1,18,466
2024-01-27,Saturday,0,Clear,R1,13,412
2024-01-28,Sunday,0,Clear,R1,17,369
2024-01-29,Monday,0,Clear,R1,15,360
2024-01-30,Tuesday,0,Clear,R1,12,449
2024-01-31,Wednesday,0,Clear,R1,15,288
2024-02-01,Thursday,0,Clear,R1,14,391
2024-02-02,Friday,0,Clear,R1,16,242
2024-02-03,Saturday,0,Clear,R1,13,283
2024-02-04,Sunday,0,Clear,R1,12,343
2024-02-05,Monday,0,Clear,R1,16,294
2024-02-06,Tuesday,0,Clear,R1,7,407
2024-02-07,Wednesday,0,Clear,R1,22,341
2024-02-08,Thursday,0,Clear,R1,11,379
2024-02-09,Friday,0,Clear,R1,11,317
2024-02-10,Saturday,0,Clear,R1,17,346
2024-02-11,Sunday,0,Clear,R1,13,273
2024-02-12,Monday,0,Clear,R1,17,335
2024-02-13,Tuesday,0,Clear,R1,13,484
2024-02-14,Wednesday,0,Clear,R1,14,247
2024-02-15,Thursday,0,Clear,R1,20,374
2024-02-16,Friday,0,Clear,R1,11,337
2024-02-17,Saturday,0,Clear,R1,12,256
2024-02-18,Sunday,0,Clear,R1,17,397
2024-02-19,Monday,0,Clear,R1,13,348
2024-02-20,Tuesday,0,Clear,R1,10,372
2024-02-21,Wednesday,0,Clear,R1,14,430
2024-02-22,Thursday,0,Clear,R1,14,397
2024-02-23,Friday,0,Clear,R1,14,293
2024-02-24,Saturday,0,Clear,R1,12,377
2024-02-25,Sunday,0,Clear,R1,16,510
2024-02-26,Monday,0,Clear,R1,14,301
2024-02-27,Tuesday,0,Clear,R1,11,404
2024-02-28,Wednesday,0,Clear,R1,12,377
2024-02-29,Thursday,0,Clear,R1,9,229
2024-03-01,Friday,0,Clear,R1,11,262
2024-03-02,Saturday,0,Clear,R1,15,465
2024-03-03,Sunday,0,Clear,R1,13,400
2024-03-04,Monday,0,Clear,R1,19,442
2024-03-05,Tuesday,0,Clear,R1,19,475
2024-03-06,Wednesday,0,Clear,R1,16,385
2024-03-07,Thursday,0,Clear,R1,13,368
2024-03-08,Friday,0,Clear,R1,16,405
2024-03-09,Saturday,0,Clear,R1,14,303
2024-03-10,Sunday,0,Clear,R1,16,381
2024-03-11,Monday,0,Clear,R1,14,343
2024-03-12,Tuesday,0,Clear,R1,14,353
2024-03-13,Wednesday,0,Clear,R1,17,266
2024-03-14,Thursday,0,Clear,R1,14,348
2024-03-15,Friday,0,Clear,R1,9,280
2024-03-16,Saturday,0,Clear,R1,16,317
2024-03-17,Sunday,0,Clear,R1,15,390
2024-03-18,Monday,0,Clear,R1,16,456
2024-03-19,Tuesday,0,Clear,R1,12,301
2024-03-20,Wednesday,0,Clear,R1,15,466
2024-03-21,Thursday,0,Clear,R1,18,263
2024-03-22,Friday,0,Clear,R1,18,380
2024-03-23,Saturday,0,Clear,R1,16,394
2024-03-24,Sunday,0,Clear,R1,18,487
2024-03-25,Monday,0,Clear,R1,14,430
2024-03-26,Tuesday,0,Clear,R1,11,488
2024-03-27,Wednesday,0,Clear,R1,12,352
2024-03-28,Thursday,0,Clear,R1,14,385
2024-03-29,Friday,0,Clear,R1,14,272
2024-03-30,Saturday,0,Clear,R1,14,326
2024-03-31,Sunday,0,Clear,R1,17,351
2024-04-01,Monday,0,Clear,R1,13,273
2024-04-02,Tuesday,0,Clear,R1,10,407
2024-04-03,Wednesday,0,Clear,R1,15,334
2024-04-04,Thursday,0,Clear,R1,15,347
2024-04-05,Friday,0,Clear,R1,11,372
2024-04-06,Saturday,0,Clear,R1,13,339
2024-04-07,Sunday,0,Clear,R1,19,421
2024-04-08,Monday,0,Clear,R1,14,431
2024-04-09,Tuesday,0,Clear,R1,11,353
2024-04-10,Wednesday,0,Clear,R1,10,208
2024-04-11,Thursday,0,Clear,R1,17,474
2024-04-12,Friday,0,Clear,R1,11,277
2024-04-13,Saturday,0,Clear,R1,17,306
2024-04-14,Sunday,0,Clear,R1,11,384
2024-04-15,Monday,0,Clear,R1,20,497
2024-04-16,Tuesday,0,Clear,R1,13,338
2024-04-17,Wednesday,0,Clear,R1,15,267
2024-04-18,Thursday,0,Clear,R1,13,370
2024-04-19,Friday,0,Clear,R1,13,248
2024-04-20,Saturday,0,Clear,R1,11,422
2024-04-21,Sunday,0,Clear,R1,11,286
2024-04-22,Monday,0,Clear,R1,11,393
2024-04-23,Tuesday,0,Clear,R1,14,421
2024-04-24,Wednesday,0,Clear,R1,18,357
2024-04-25,Thursday,0,Clear,R1,13,332
2024-04-26,Friday,0,Clear,R1,12,394
2024-04-27,Saturday,0,Clear,R1,16,229
2024-04-28,Sunday,0,Clear,R1,11,354
2024-04-29,Monday,0,Clear,R1,11,345
2024-04-30,Tuesday,0,Clear,R1,15,438
2024-05-01,Wednesday,0,Clear,R1,15,516
2024-05-02,Thursday,0,Clear,R1,15,298
2024-05-03,Friday,0,Clear,R1,16,319
2024-05-04,Saturday,0,Clear,R1,15,346
2024-05-05,Sunday,0,Clear,R1,21,344
2024-05-06,Monday,0,Clear,R1,18,399
2024-05-07,Tuesday,0,Clear,R1,16,385
2024-05-08,Wednesday,0,Clear,R1,11,407
2024-05-09,Thursday,0,Clear,R1,14,333
2024-05-10,Friday,0,Clear,R1,13,376
2024-05-11,Saturday,0,Clear,R1,10,317
2024-05-12,Sunday,0,Clear,R1,10,299
2024-05-13,Monday,0,Clear,R1,8,379
2024-05-14,Tuesday,0,Clear,R1,9,329
2024-05-15,Wednesday,0,Clear,R1,14,445
2024-05-16,Thursday,0,Clear,R1,12,318
2024-05-17,Friday,0,Clear,R1,11,372
2024-05-18,Saturday,0,Clear,R1,14,460
2024-05-19,Sunday,0,Clear,R1,12,320
2024-05-20,Monday,0,Clear,R1,12,341
2024-05-21,Tuesday,0,Clear,R1,14,303
2024-05-22,Wednesday,0,Clear,R1,16,373
2024-05-23,Thursday,0,Clear,R1,22,380
2024-05-24,Friday,0,Clear,R1,11,426
2024-05-25,Saturday,0,Clear,R1,12,380
2024-05-26,Sunday,0,Clear,R1,12,354
2024-05-27,Monday,0,Clear,R1,13,285
2024-05-28,Tuesday,0,Clear,R1,15,421
2024-05-29,Wednesday,0,Clear,R1,15,233
2024-05-30,Thursday,0,Clear,R1,11,257
2024-05-31,Friday,0,Clear,R1,15,390
2024-06-01,Saturday,0,Clear,R1,13,357
2024-06-02,Sunday,0,Clear,R1,19,373
2024-06-03,Monday,0,Clear,R1,9,323
2024-06-04,Tuesday,0,Clear,R1,12,244
2024-06-05,Wednesday,0,Clear,R1,16,238
2024-06-06,Thursday,0,Clear,R1,13,346
2024-06-07,Friday,0,Clear,R1,10,358
2024-06-08,Saturday,0,Clear,R1,15,263
2024-06-09,Sunday,0,Clear,R1,15,345
2024-06-10,Monday,0,Clear,R1,17,456
2024-06-11,Tuesday,0,Clear,R1,17,307
2024-06-12,Wednesday,0,Clear,R1,16,361
2024-06-13,Thursday,0,Clear,R1,17,395
2024-06-14,Friday,0,Clear,R1,11,341
2024-06-15,Saturday,0,Clear,R1,12,388
2024-06-16,Sunday,0,Clear,R1,12,419
2024-06-17,Monday,0,Clear,R1,15,320
2024-06-18,Tuesday,0,Clear,R1,15,408
2024-06-19,Wednesday,0,Clear,R1,13,265
2024-06-20,Thursday,0,Clear,R1,15,351
2024-06-21,Friday,0,Clear,R1,14,389
2024-06-22,Saturday,0,Clear,R1,15,218
2024-06-23,Sunday,0,Clear,R1,12,298
2024-06-24,Monday,0,Clear,R1,15,400
2024-06-25,Tuesday,0,Clear,R1,12,376
2024-06-26,Wednesday,0,Clear,R1,16,410
2024-06-27,Thursday,0,Clear,R1,15,405
2024-06-28,Friday,0,Clear,R1,17,457
2024-06-29,Saturday,0,Clear,R1,16,444
2024-06-30,Sunday,0,Clear,R1,15,417
2024-07-01,Monday,0,Clear,R1,18,295
2024-07-02,Tuesday,0,Clear,R1,13,262
2024-07-03,Wednesday,0,Clear,R1,10,387
2024-07-04,Thursday,0,Clear,R1,15,357
2024-07-05,Friday,0,Clear,R1,10,334
2024-07-06,Saturday,0,Clear,R1,16,325
2024-07-07,Sunday,0,Clear,R1,11,343
2024-07-08,Monday,0,Clear,R1,15,324
2024-07-09,Tuesday,0,Clear,R1,12,281
2024-07-10,Wednesday,0,Clear,R1,14,358
2024-07-11,Thursday,0,Clear,R1,11,267
2024-07-12,Friday,0,Clear,R1,14,434
2024-07-13,Saturday,0,Clear,R1,15,405
2024-07-14,Sunday,0,Clear,R1,17,408
2024-07-15,Monday,0,Clear,R1,11,356
2024-07-16,Tuesday,0,Clear,R1,16,319
2024-07-17,Wednesday,0,Clear,R1,19,452
2024-07-18,Thursday,0,Clear,R1,16,336
2024-07-19,Friday,0,Clear,R1,18,380
2024-07-20,Saturday,0,Clear,R1,15,317
2024-07-21,Sunday,0,Clear,R1,13,314
2024-07-22,Monday,0,Clear,R1,18,464
2024-07-23,Tuesday,0,Clear,R1,13,297
2024-07-24,Wednesday,0,Clear,R1,14,417
2024-07-25,Thursday,0,Clear,R1,16,446
2024-07-26,Friday,0,Clear,R1,15,318
2024-07-27,Saturday,0,Clear,R1,16,369
2024-07-28,Sunday,0,Clear,R1,12,322
2024-07-29,Monday,0,Clear,R1,13,281
2024-07-30,Tuesday,0,Clear,R1,11,362
2024-07-31,Wednesday,0,Clear,R1,14,375
2024-08-01,Thursday,0,Clear,R1,15,414
2024-08-02,Friday,0,Clear,R1,13,351
2024-08-03,Saturday,0,Clear,R1,17,400
2024-08-04,Sunday,0,Clear,R1,13,427
2024-08-05,Monday,0,Clear,R1,17,289
2024-08-06,Tuesday,0,Clear,R1,12,275
2024-08-07,Wednesday,0,Clear,R1,17,279
2024-08-08,Thursday,0,Clear,R1,17,368
2024-08-09,Friday,0,Clear,R1,16,319
2024-08-10,Saturday,0,Clear,R1,15,265
2024-08-11,Sunday,0,Clear,R1,12,243
2024-08-12,Monday,0,Clear,R1,15,360
2024-08-13,Tuesday,0,Clear,R1,15,185
2024-08-14,Wednesday,0,Clear,R1,16,236
2024-08-15,Thursday,0,Clear,R1,14,401
2024-08-16,Friday,0,Clear,R1,14,324
2024-08-17,Saturday,0,Clear,R1,16,416
2024-08-18,Sunday,0,Clear,R1,13,332
2024-08-19,Monday,0,Clear,R1,10,330
2024-08-20,Tuesday,0,Clear,R1,17,382
2024-08-21,Wednesday,0,Clear,R1,13,414
2024-08-22,Thursday,0,Clear,R1,16,372
2024-08-23,Friday,0,Clear,R1,14,296
2024-08-24,Saturday,0,Clear,R1,14,365
2024-08-25,Sunday,0,Clear,R1,13,363
2024-08-26,Monday,0,Clear,R1,15,324
2024-08-27,Tuesday,0,Clear,R1,16,436
2024-08-28,Wednesday,0,Clear,R1,18,482
2024-08-29,Thursday,0,Clear,R1,9,425
2024-08-30,Friday,0,Clear,R1,14,281
2024-08-31,Saturday,0,Clear,R1,13,377
2024-09-01,Sunday,0,Clear,R1,14,436
2024-09-02,Monday,0,Clear,R1,12,298
2024-09-03,Tuesday,0,Clear,R1,12,347
2024-09-04,Wednesday,0,Clear,R1,13,380
2024-09-05,Thursday,0,Clear,R1,13,329
2024-09-06,Friday,0,Clear,R1,12,336
2024-09-07,Saturday,0,Clear,R1,11,275
2024-09-08,Sunday,0,Clear,R1,16,336
2024-09-09,Monday,0,Clear,R1,12,254
2024-09-10,Tuesday,0,Clear,R1,17,411
2024-09-11,Wednesday,0,Clear,R1,14,339
2024-09-12,Thursday,0,Clear,R1,16,451
2024-09-13,Friday,0,Clear,R1,16,383
2024-09-14,Saturday,0,Clear,R1,14,340
2024-09-15,Sunday,0,Clear,R1,11,279
2024-09-16,Monday,0,Clear,R1,14,291
2024-09-17,Tuesday,0,Clear,R1,11,376
2024-09-18,Wednesday,0,Clear,R1,12,327
2024-09-19,Thursday,0,Clear,R1,12,370
2024-09-20,Friday,0,Clear,R1,13,468
2024-09-21,Saturday,0,Clear,R1,14,244
2024-09-22,Sunday,0,Clear,R1,12,435
2024-09-23,Monday,0,Clear,R1,13,402
2024-09-24,Tuesday,0,Clear,R1,16,368
2024-09-25,Wednesday,0,Clear,R1,13,382
2024-09-26,Thursday,0,Clear,R1,11,309
2024-09-27,Friday,0,Clear,R1,14,324
2024-09-28,Saturday,0,Clear,R1,15,359
2024-09-29,Sunday,0,Clear,R1,11,413
2024-09-30,Monday,0,Clear,R1,12,397
2024-10-01,Tuesday,0,Clear,R1,10,343
2024-10-02,Wednesday,0,Clear,R1,18,349
2024-10-03,Thursday,0,Clear,R1,19,415
2024-10-04,Friday,0,Clear,R1,14,331
2024-10-05,Saturday,0,Clear,R1,15,485
2024-10-06,Sunday,0,Clear,R1,13,283
2024-10-07,Monday,0,Clear,R1,17,311
2024-10-08,Tuesday,0,Clear,R1,12,394
2024-10-09,Wednesday,0,Clear,R1,15,386
2024-10-10,Thursday,0,Clear,R1,21,423
2024-10-11,Friday,0,Clear,R1,13,266
2024-10-12,Saturday,0,Clear,R1,12,323
2024-10-13,Sunday,0,Clear,R1,15,359
2024-10-14,Monday,0,Clear,R1,13,236
2024-10-15,Tuesday,0,Clear,R1,12,349
2024-10-16,Wednesday,0,Clear,R1,14,355
2024-10-17,Thursday,0,Clear,R1,17,338
2024-10-18,Friday,0,Clear,R1,14,431
2024-10-19,Saturday,0,Clear,R1,10,386
2024-10-20,Sunday,0,Clear,R1,16,280
2024-10-21,Monday,0,Clear,R1,13,377
2024-10-22,Tuesday,0,Clear,R1,15,378
2024-10-23,Wednesday,0,Clear,R1,13,360
2024-10-24,Thursday,0,Clear,R1,16,360
2024-10-25,Friday,0,Clear,R1,14,404
2024-10-26,Saturday,0,Clear,R1,14,347
2024-10-27,Sunday,0,Clear,R1,12,324
2024-10-28,Monday,0,Clear,R1,16,387
2024-10-29,Tuesday,0,Clear,R1,15,358
2024-10-30,Wednesday,0,Clear,R1,10,361
2024-10-31,Thursday,0,Clear,R1,14,369
2024-11-01,Friday,0,Clear,R1,13,313
2024-11-02,Saturday,0,Clear,R1,17,390
2024-11-03,Sunday,0,Clear,R1,14,322
2024-11-04,Monday,0,Clear,R1,14,359
2024-11-05,Tuesday,0,Clear,R1,15,434
2024-11-06,Wednesday,0,Clear,R1,12,240
2024-11-07,Thursday,0,Clear,R1,12,314
2024-11-08,Friday,0,Clear,R1,15,392
2024-11-09,Saturday,0,Clear,R1,14,396
2024-11-10,Sunday,0,Clear,R1,14,302
2024-11-11,Monday,0,Clear,R1,16,237
2024-11-12,Tuesday,0,Clear,R1,12,355
2024-11-13,Wednesday,0,Clear,R1,17,412
2024-11-14,Thursday,0,Clear,R1,14,324
2024-11-15,Friday,0,Clear,R1,16,368
2024-11-16,Saturday,0,Clear,R1,17,425
2024-11-17,Sunday,0,Clear,R1,14,261
2024-11-18,Monday,0,Clear,R1,13,334
2024-11-19,Tuesday,0,Clear,R1,15,278
2024-11-20,Wednesday,0,Clear,R1,12,351
2024-11-21,Thursday,0,Clear,R1,19,424
2024-11-22,Friday,0,Clear,R1,14,367
2024-11-23,Saturday,0,Clear,R1,10,288
2024-11-24,Sunday,0,Clear,R1,11,325
2024-11-25,Monday,0,Clear,R1,18,337
2024-11-26,Tuesday,0,Clear,R1,15,346
2024-11-27,Wednesday,0,Clear,R1,13,334
2024-11-28,Thursday,0,Clear,R1,13,275
2024-11-29,Friday,0,Clear,R1,13,353
2024-11-30,Saturday,0,Clear,R1,15,406
2024-12-01,Sunday,0,Clear,R1,13,268
2024-12-02,Monday,0,Clear,R1,11,297
2024-12-03,Tuesday,0,Clear,R1,18,396
2024-12-04,Wednesday,0,Clear,R1,12,372
2024-12-05,Thursday,0,Clear,R1,16,348
2024-12-06,Friday,0,Clear,R1,12,413
2024-12-07,Saturday,0,Clear,R1,14,462
2024-12-08,Sunday,0,Clear,R1,17,283
2024-12-09,Monday,0,Clear,R1,12,354
2024-12-10,Tuesday,0,Clear,R1,10,265
2024-12-11,Wednesday,0,Clear,R1,10,383
2024-12-12,Thursday,0,Clear,R1,14,346
2024-12-13,Friday,0,Clear,R1,16,248
2024-12-14,Saturday,0,Clear,R1,15,377
2024-12-15,Sunday,0,Clear,R1,14,304
2024-12-16,Monday,0,Clear,R1,17,362
2024-12-17,Tuesday,0,Clear,R1,11,379
2024-12-18,Wednesday,0,Clear,R1,15,266
2024-12-19,Thursday,0,Clear,R1,19,311
2024-12-20,Friday,0,Clear,R1,11,316
2024-12-21,Saturday,0,Clear,R1,9,330
2024-12-22,Sunday,0,Clear,R1,11,345
2024-12-23,Monday,0,Clear,R1,15,380
2024-12-24,Tuesday,0,Clear,R1,11,271
2024-12-25,Wednesday,1,Clear,R1,15,397
2024-12-26,Thursday,0,Clear,R1,19,450
2024-12-27,Friday,0,Clear,R1,14,338
2024-12-28,Saturday,0,Clear,R1,13,415
2024-12-29,Sunday,0,Clear,R1,13,217
2024-12-30,Monday,0,Clear,R1,15,406
2024-12-31,Tuesday,0,Clear,R1,16,332
